
--
-- Database backup generated by ExpressionEngine
--

SET @OLD_SQL_MODE=@@SQL_MODE, SQL_MODE='NO_AUTO_VALUE_ON_ZERO';
SET @OLD_TIME_ZONE=@@TIME_ZONE;
SET TIME_ZONE='+00:00';
SET NAMES utf8mb4;
SET @OLD_UNIQUE_CHECKS=@@UNIQUE_CHECKS, UNIQUE_CHECKS=0;
SET @OLD_FOREIGN_KEY_CHECKS=@@FOREIGN_KEY_CHECKS, FOREIGN_KEY_CHECKS=0;
SET @OLD_SQL_NOTES=@@SQL_NOTES, SQL_NOTES=0;

--
-- Drop old tables if exists
--

DROP TABLE IF EXISTS `expmc_actions`;
DROP TABLE IF EXISTS `expmc_captcha`;
DROP TABLE IF EXISTS `expmc_categories`;
DROP TABLE IF EXISTS `expmc_category_field_data`;
DROP TABLE IF EXISTS `expmc_category_fields`;
DROP TABLE IF EXISTS `expmc_category_group_settings`;
DROP TABLE IF EXISTS `expmc_category_groups`;
DROP TABLE IF EXISTS `expmc_category_posts`;
DROP TABLE IF EXISTS `expmc_channel_category_groups`;
DROP TABLE IF EXISTS `expmc_channel_data`;
DROP TABLE IF EXISTS `expmc_channel_data_field_12`;
DROP TABLE IF EXISTS `expmc_channel_data_field_13`;
DROP TABLE IF EXISTS `expmc_channel_data_field_14`;
DROP TABLE IF EXISTS `expmc_channel_data_field_15`;
DROP TABLE IF EXISTS `expmc_channel_data_field_16`;
DROP TABLE IF EXISTS `expmc_channel_data_field_4`;
DROP TABLE IF EXISTS `expmc_channel_data_field_5`;
DROP TABLE IF EXISTS `expmc_channel_data_field_6`;
DROP TABLE IF EXISTS `expmc_channel_entries_autosave`;
DROP TABLE IF EXISTS `expmc_channel_entry_hidden_fields`;
DROP TABLE IF EXISTS `expmc_channel_field_groups_fields`;
DROP TABLE IF EXISTS `expmc_channel_fields`;
DROP TABLE IF EXISTS `expmc_channel_form_settings`;
DROP TABLE IF EXISTS `expmc_channel_grid_field_13`;
DROP TABLE IF EXISTS `expmc_channel_grid_field_14`;
DROP TABLE IF EXISTS `expmc_channel_member_roles`;
DROP TABLE IF EXISTS `expmc_channel_titles`;
DROP TABLE IF EXISTS `expmc_channels`;
DROP TABLE IF EXISTS `expmc_channels_channel_field_groups`;
DROP TABLE IF EXISTS `expmc_channels_channel_fields`;
DROP TABLE IF EXISTS `expmc_channels_statuses`;
DROP TABLE IF EXISTS `expmc_comment_subscriptions`;
DROP TABLE IF EXISTS `expmc_comments`;
DROP TABLE IF EXISTS `expmc_config`;
DROP TABLE IF EXISTS `expmc_consent_audit_log`;
DROP TABLE IF EXISTS `expmc_consent_request_version_cookies`;
DROP TABLE IF EXISTS `expmc_consent_request_versions`;
DROP TABLE IF EXISTS `expmc_consent_requests`;
DROP TABLE IF EXISTS `expmc_consents`;
DROP TABLE IF EXISTS `expmc_content_types`;
DROP TABLE IF EXISTS `expmc_cookie_settings`;
DROP TABLE IF EXISTS `expmc_cp_log`;
DROP TABLE IF EXISTS `expmc_dashboard_layout_widgets`;
DROP TABLE IF EXISTS `expmc_dashboard_layouts`;
DROP TABLE IF EXISTS `expmc_dashboard_widgets`;
DROP TABLE IF EXISTS `expmc_developer_log`;
DROP TABLE IF EXISTS `expmc_dock_prolets`;
DROP TABLE IF EXISTS `expmc_docks`;
DROP TABLE IF EXISTS `expmc_email_cache`;
DROP TABLE IF EXISTS `expmc_email_cache_mg`;
DROP TABLE IF EXISTS `expmc_email_cache_ml`;
DROP TABLE IF EXISTS `expmc_email_console_cache`;
DROP TABLE IF EXISTS `expmc_email_tracker`;
DROP TABLE IF EXISTS `expmc_entry_manager_views`;
DROP TABLE IF EXISTS `expmc_entry_versioning`;
DROP TABLE IF EXISTS `expmc_extensions`;
DROP TABLE IF EXISTS `expmc_field_condition_sets`;
DROP TABLE IF EXISTS `expmc_field_condition_sets_channel_fields`;
DROP TABLE IF EXISTS `expmc_field_conditions`;
DROP TABLE IF EXISTS `expmc_field_groups`;
DROP TABLE IF EXISTS `expmc_fieldtypes`;
DROP TABLE IF EXISTS `expmc_file_categories`;
DROP TABLE IF EXISTS `expmc_file_data`;
DROP TABLE IF EXISTS `expmc_file_dimensions`;
DROP TABLE IF EXISTS `expmc_file_manager_views`;
DROP TABLE IF EXISTS `expmc_file_usage`;
DROP TABLE IF EXISTS `expmc_file_watermarks`;
DROP TABLE IF EXISTS `expmc_files`;
DROP TABLE IF EXISTS `expmc_fluid_field_data`;
DROP TABLE IF EXISTS `expmc_global_variables`;
DROP TABLE IF EXISTS `expmc_grid_columns`;
DROP TABLE IF EXISTS `expmc_html_buttons`;
DROP TABLE IF EXISTS `expmc_layout_publish`;
DROP TABLE IF EXISTS `expmc_layout_publish_member_roles`;
DROP TABLE IF EXISTS `expmc_member_bulletin_board`;
DROP TABLE IF EXISTS `expmc_member_data`;
DROP TABLE IF EXISTS `expmc_member_fields`;
DROP TABLE IF EXISTS `expmc_member_manager_views`;
DROP TABLE IF EXISTS `expmc_member_news_views`;
DROP TABLE IF EXISTS `expmc_member_relationships`;
DROP TABLE IF EXISTS `expmc_member_search`;
DROP TABLE IF EXISTS `expmc_members`;
DROP TABLE IF EXISTS `expmc_members_role_groups`;
DROP TABLE IF EXISTS `expmc_members_roles`;
DROP TABLE IF EXISTS `expmc_menu_items`;
DROP TABLE IF EXISTS `expmc_menu_sets`;
DROP TABLE IF EXISTS `expmc_message_attachments`;
DROP TABLE IF EXISTS `expmc_message_copies`;
DROP TABLE IF EXISTS `expmc_message_data`;
DROP TABLE IF EXISTS `expmc_message_folders`;
DROP TABLE IF EXISTS `expmc_message_listed`;
DROP TABLE IF EXISTS `expmc_migrations`;
DROP TABLE IF EXISTS `expmc_module_member_roles`;
DROP TABLE IF EXISTS `expmc_modules`;
DROP TABLE IF EXISTS `expmc_online_users`;
DROP TABLE IF EXISTS `expmc_password_lockout`;
DROP TABLE IF EXISTS `expmc_permissions`;
DROP TABLE IF EXISTS `expmc_plugins`;
DROP TABLE IF EXISTS `expmc_prolets`;
DROP TABLE IF EXISTS `expmc_relationships`;
DROP TABLE IF EXISTS `expmc_remember_me`;
DROP TABLE IF EXISTS `expmc_reset_password`;
DROP TABLE IF EXISTS `expmc_revision_tracker`;
DROP TABLE IF EXISTS `expmc_role_groups`;
DROP TABLE IF EXISTS `expmc_role_settings`;
DROP TABLE IF EXISTS `expmc_roles`;
DROP TABLE IF EXISTS `expmc_roles_role_groups`;
DROP TABLE IF EXISTS `expmc_rte_toolsets`;
DROP TABLE IF EXISTS `expmc_search`;
DROP TABLE IF EXISTS `expmc_search_log`;
DROP TABLE IF EXISTS `expmc_security_hashes`;
DROP TABLE IF EXISTS `expmc_sessions`;
DROP TABLE IF EXISTS `expmc_sites`;
DROP TABLE IF EXISTS `expmc_snippets`;
DROP TABLE IF EXISTS `expmc_specialty_templates`;
DROP TABLE IF EXISTS `expmc_stats`;
DROP TABLE IF EXISTS `expmc_statuses`;
DROP TABLE IF EXISTS `expmc_statuses_roles`;
DROP TABLE IF EXISTS `expmc_structure`;
DROP TABLE IF EXISTS `expmc_structure_channels`;
DROP TABLE IF EXISTS `expmc_structure_listings`;
DROP TABLE IF EXISTS `expmc_structure_members`;
DROP TABLE IF EXISTS `expmc_structure_nav_history`;
DROP TABLE IF EXISTS `expmc_structure_settings`;
DROP TABLE IF EXISTS `expmc_template_groups`;
DROP TABLE IF EXISTS `expmc_template_groups_roles`;
DROP TABLE IF EXISTS `expmc_template_routes`;
DROP TABLE IF EXISTS `expmc_templates`;
DROP TABLE IF EXISTS `expmc_templates_roles`;
DROP TABLE IF EXISTS `expmc_throttle`;
DROP TABLE IF EXISTS `expmc_update_log`;
DROP TABLE IF EXISTS `expmc_upload_prefs`;
DROP TABLE IF EXISTS `expmc_upload_prefs_category_groups`;
DROP TABLE IF EXISTS `expmc_upload_prefs_roles`;

--
-- Create tables and their structure
--

CREATE TABLE `expmc_actions` (
  `action_id` int(4) unsigned NOT NULL AUTO_INCREMENT,
  `class` varchar(50) COLLATE utf8mb4_unicode_ci NOT NULL,
  `method` varchar(50) COLLATE utf8mb4_unicode_ci NOT NULL,
  `csrf_exempt` tinyint(1) unsigned NOT NULL DEFAULT 0,
  PRIMARY KEY (`action_id`)
) ENGINE=InnoDB AUTO_INCREMENT=41 DEFAULT CHARSET=utf8mb4 COLLATE=utf8mb4_unicode_ci;

CREATE TABLE `expmc_captcha` (
  `captcha_id` bigint(13) unsigned NOT NULL AUTO_INCREMENT,
  `date` int(10) unsigned NOT NULL,
  `ip_address` varchar(45) COLLATE utf8mb4_unicode_ci NOT NULL DEFAULT '0',
  `word` varchar(20) COLLATE utf8mb4_unicode_ci NOT NULL,
  PRIMARY KEY (`captcha_id`),
  KEY `word` (`word`)
) ENGINE=InnoDB DEFAULT CHARSET=utf8mb4 COLLATE=utf8mb4_unicode_ci;

CREATE TABLE `expmc_categories` (
  `cat_id` int(10) unsigned NOT NULL AUTO_INCREMENT,
  `site_id` int(4) unsigned NOT NULL DEFAULT 1,
  `group_id` int(6) unsigned NOT NULL,
  `parent_id` int(4) unsigned NOT NULL,
  `cat_name` varchar(100) COLLATE utf8mb4_unicode_ci NOT NULL,
  `cat_url_title` varchar(75) COLLATE utf8mb4_unicode_ci NOT NULL,
  `cat_description` text COLLATE utf8mb4_unicode_ci DEFAULT NULL,
  `cat_image` varchar(120) COLLATE utf8mb4_unicode_ci DEFAULT NULL,
  `cat_order` int(4) unsigned NOT NULL,
  PRIMARY KEY (`cat_id`),
  KEY `group_id` (`group_id`),
  KEY `parent_id` (`parent_id`),
  KEY `cat_name` (`cat_name`),
  KEY `site_id` (`site_id`)
) ENGINE=InnoDB AUTO_INCREMENT=7 DEFAULT CHARSET=utf8mb4 COLLATE=utf8mb4_unicode_ci;

CREATE TABLE `expmc_category_field_data` (
  `cat_id` int(4) unsigned NOT NULL,
  `site_id` int(4) unsigned NOT NULL DEFAULT 1,
  `group_id` int(4) unsigned NOT NULL,
  PRIMARY KEY (`cat_id`),
  KEY `site_id` (`site_id`),
  KEY `group_id` (`group_id`)
) ENGINE=InnoDB DEFAULT CHARSET=utf8mb4 COLLATE=utf8mb4_unicode_ci;

CREATE TABLE `expmc_category_fields` (
  `field_id` int(6) unsigned NOT NULL AUTO_INCREMENT,
  `site_id` int(4) unsigned NOT NULL DEFAULT 1,
  `group_id` int(4) unsigned NOT NULL,
  `field_name` varchar(32) COLLATE utf8mb4_unicode_ci NOT NULL DEFAULT '',
  `field_label` varchar(50) COLLATE utf8mb4_unicode_ci NOT NULL DEFAULT '',
  `field_type` varchar(12) COLLATE utf8mb4_unicode_ci NOT NULL DEFAULT 'text',
  `field_list_items` text COLLATE utf8mb4_unicode_ci NOT NULL,
  `field_maxl` smallint(3) NOT NULL DEFAULT 128,
  `field_ta_rows` tinyint(2) NOT NULL DEFAULT 8,
  `field_default_fmt` varchar(40) COLLATE utf8mb4_unicode_ci NOT NULL DEFAULT 'none',
  `field_show_fmt` char(1) COLLATE utf8mb4_unicode_ci NOT NULL DEFAULT 'y',
  `field_text_direction` char(3) COLLATE utf8mb4_unicode_ci NOT NULL DEFAULT 'ltr',
  `field_required` char(1) COLLATE utf8mb4_unicode_ci NOT NULL DEFAULT 'n',
  `field_order` int(3) unsigned NOT NULL,
  `field_settings` text COLLATE utf8mb4_unicode_ci DEFAULT NULL,
  `legacy_field_data` char(1) COLLATE utf8mb4_unicode_ci NOT NULL DEFAULT 'n',
  PRIMARY KEY (`field_id`),
  KEY `site_id` (`site_id`),
  KEY `group_id` (`group_id`)
) ENGINE=InnoDB DEFAULT CHARSET=utf8mb4 COLLATE=utf8mb4_unicode_ci;

CREATE TABLE `expmc_category_group_settings` (
  `category_group_settings_id` int(10) unsigned NOT NULL AUTO_INCREMENT,
  `site_id` int(4) unsigned NOT NULL DEFAULT 1,
  `channel_id` int(4) unsigned NOT NULL DEFAULT 1,
  `group_id` int(6) unsigned NOT NULL DEFAULT 1,
  `cat_required` char(1) COLLATE utf8mb4_unicode_ci NOT NULL DEFAULT 'n',
  `cat_allow_multiple` char(1) COLLATE utf8mb4_unicode_ci NOT NULL DEFAULT 'y',
  PRIMARY KEY (`category_group_settings_id`),
  KEY `channel_id_group_id` (`channel_id`,`group_id`),
  KEY `site_id` (`site_id`),
  KEY `group_id` (`group_id`)
) ENGINE=InnoDB DEFAULT CHARSET=utf8mb4 COLLATE=utf8mb4_unicode_ci;

CREATE TABLE `expmc_category_groups` (
  `group_id` int(6) unsigned NOT NULL AUTO_INCREMENT,
  `site_id` int(4) unsigned NOT NULL DEFAULT 1,
  `group_name` varchar(50) COLLATE utf8mb4_unicode_ci NOT NULL,
  `sort_order` char(1) COLLATE utf8mb4_unicode_ci NOT NULL DEFAULT 'a',
  `exclude_group` tinyint(1) unsigned NOT NULL DEFAULT 0,
  `field_html_formatting` char(4) COLLATE utf8mb4_unicode_ci NOT NULL DEFAULT 'all',
  `can_edit_categories` text COLLATE utf8mb4_unicode_ci DEFAULT NULL,
  `can_delete_categories` text COLLATE utf8mb4_unicode_ci DEFAULT NULL,
  PRIMARY KEY (`group_id`),
  KEY `site_id` (`site_id`)
) ENGINE=InnoDB AUTO_INCREMENT=3 DEFAULT CHARSET=utf8mb4 COLLATE=utf8mb4_unicode_ci;

CREATE TABLE `expmc_category_posts` (
  `entry_id` int(10) unsigned NOT NULL,
  `cat_id` int(10) unsigned NOT NULL,
  PRIMARY KEY (`entry_id`,`cat_id`)
) ENGINE=InnoDB DEFAULT CHARSET=utf8mb4 COLLATE=utf8mb4_unicode_ci;

CREATE TABLE `expmc_channel_category_groups` (
  `channel_id` int(6) unsigned NOT NULL,
  `group_id` int(6) unsigned NOT NULL,
  PRIMARY KEY (`channel_id`,`group_id`),
  KEY `group_id` (`group_id`)
) ENGINE=InnoDB DEFAULT CHARSET=utf8mb4 COLLATE=utf8mb4_unicode_ci;

CREATE TABLE `expmc_channel_data` (
  `entry_id` int(10) unsigned NOT NULL,
  `site_id` int(4) unsigned NOT NULL DEFAULT 1,
  `channel_id` int(4) unsigned NOT NULL,
  PRIMARY KEY (`entry_id`),
  KEY `channel_id` (`channel_id`),
  KEY `site_id` (`site_id`)
) ENGINE=InnoDB DEFAULT CHARSET=utf8mb4 COLLATE=utf8mb4_unicode_ci;

CREATE TABLE `expmc_channel_data_field_12` (
  `id` int(10) unsigned NOT NULL AUTO_INCREMENT,
  `entry_id` int(10) unsigned NOT NULL,
  `field_id_12` text COLLATE utf8mb4_unicode_ci DEFAULT NULL,
  `field_ft_12` tinytext COLLATE utf8mb4_unicode_ci DEFAULT NULL,
  PRIMARY KEY (`id`),
  KEY `entry_id` (`entry_id`)
) ENGINE=InnoDB AUTO_INCREMENT=2 DEFAULT CHARSET=utf8mb4 COLLATE=utf8mb4_unicode_ci;

CREATE TABLE `expmc_channel_data_field_13` (
  `id` int(10) unsigned NOT NULL AUTO_INCREMENT,
  `entry_id` int(10) unsigned NOT NULL,
  `field_id_13` text COLLATE utf8mb4_unicode_ci DEFAULT NULL,
  `field_ft_13` tinytext COLLATE utf8mb4_unicode_ci DEFAULT NULL,
  PRIMARY KEY (`id`),
  KEY `entry_id` (`entry_id`)
) ENGINE=InnoDB AUTO_INCREMENT=2 DEFAULT CHARSET=utf8mb4 COLLATE=utf8mb4_unicode_ci;

CREATE TABLE `expmc_channel_data_field_14` (
  `id` int(10) unsigned NOT NULL AUTO_INCREMENT,
  `entry_id` int(10) unsigned NOT NULL,
  `field_id_14` text COLLATE utf8mb4_unicode_ci DEFAULT NULL,
  `field_ft_14` tinytext COLLATE utf8mb4_unicode_ci DEFAULT NULL,
  PRIMARY KEY (`id`),
  KEY `entry_id` (`entry_id`)
) ENGINE=InnoDB AUTO_INCREMENT=4 DEFAULT CHARSET=utf8mb4 COLLATE=utf8mb4_unicode_ci;

CREATE TABLE `expmc_channel_data_field_15` (
  `id` int(10) unsigned NOT NULL AUTO_INCREMENT,
  `entry_id` int(10) unsigned NOT NULL,
  `field_id_15` text COLLATE utf8mb4_unicode_ci DEFAULT NULL,
  `field_ft_15` tinytext COLLATE utf8mb4_unicode_ci DEFAULT NULL,
  PRIMARY KEY (`id`),
  KEY `entry_id` (`entry_id`)
) ENGINE=InnoDB DEFAULT CHARSET=utf8mb4 COLLATE=utf8mb4_unicode_ci;

CREATE TABLE `expmc_channel_data_field_16` (
  `id` int(10) unsigned NOT NULL AUTO_INCREMENT,
  `entry_id` int(10) unsigned NOT NULL,
  `field_id_16` text COLLATE utf8mb4_unicode_ci DEFAULT NULL,
  `field_ft_16` tinytext COLLATE utf8mb4_unicode_ci DEFAULT NULL,
  PRIMARY KEY (`id`),
  KEY `entry_id` (`entry_id`)
) ENGINE=InnoDB DEFAULT CHARSET=utf8mb4 COLLATE=utf8mb4_unicode_ci;

CREATE TABLE `expmc_channel_data_field_4` (
  `id` int(10) unsigned NOT NULL AUTO_INCREMENT,
  `entry_id` int(10) unsigned NOT NULL,
  `field_id_4` text COLLATE utf8mb4_unicode_ci DEFAULT NULL,
  `field_ft_4` tinytext COLLATE utf8mb4_unicode_ci DEFAULT NULL,
  PRIMARY KEY (`id`),
  KEY `entry_id` (`entry_id`)
) ENGINE=InnoDB AUTO_INCREMENT=13 DEFAULT CHARSET=utf8mb4 COLLATE=utf8mb4_unicode_ci;

CREATE TABLE `expmc_channel_data_field_5` (
  `id` int(10) unsigned NOT NULL AUTO_INCREMENT,
  `entry_id` int(10) unsigned NOT NULL,
  `field_id_5` text COLLATE utf8mb4_unicode_ci DEFAULT NULL,
  `field_ft_5` tinytext COLLATE utf8mb4_unicode_ci DEFAULT NULL,
  PRIMARY KEY (`id`),
  KEY `entry_id` (`entry_id`)
) ENGINE=InnoDB AUTO_INCREMENT=13 DEFAULT CHARSET=utf8mb4 COLLATE=utf8mb4_unicode_ci;

CREATE TABLE `expmc_channel_data_field_6` (
  `id` int(10) unsigned NOT NULL AUTO_INCREMENT,
  `entry_id` int(10) unsigned NOT NULL,
  `field_id_6` text COLLATE utf8mb4_unicode_ci DEFAULT NULL,
  `field_ft_6` tinytext COLLATE utf8mb4_unicode_ci DEFAULT NULL,
  PRIMARY KEY (`id`),
  KEY `entry_id` (`entry_id`)
) ENGINE=InnoDB AUTO_INCREMENT=7 DEFAULT CHARSET=utf8mb4 COLLATE=utf8mb4_unicode_ci;

CREATE TABLE `expmc_channel_entries_autosave` (
  `entry_id` int(10) unsigned NOT NULL AUTO_INCREMENT,
  `original_entry_id` int(10) unsigned NOT NULL,
  `site_id` int(4) unsigned NOT NULL DEFAULT 1,
  `channel_id` int(4) unsigned NOT NULL,
  `author_id` int(10) unsigned NOT NULL DEFAULT 0,
  `forum_topic_id` int(10) unsigned DEFAULT NULL,
  `ip_address` varchar(45) COLLATE utf8mb4_unicode_ci NOT NULL DEFAULT '0',
  `title` varchar(100) COLLATE utf8mb4_unicode_ci NOT NULL,
  `url_title` varchar(200) COLLATE utf8mb4_unicode_ci NOT NULL,
  `status` varchar(50) COLLATE utf8mb4_unicode_ci NOT NULL,
  `versioning_enabled` char(1) COLLATE utf8mb4_unicode_ci NOT NULL DEFAULT 'n',
  `view_count_one` int(10) unsigned NOT NULL DEFAULT 0,
  `view_count_two` int(10) unsigned NOT NULL DEFAULT 0,
  `view_count_three` int(10) unsigned NOT NULL DEFAULT 0,
  `view_count_four` int(10) unsigned NOT NULL DEFAULT 0,
  `allow_comments` varchar(1) COLLATE utf8mb4_unicode_ci NOT NULL DEFAULT 'y',
  `sticky` varchar(1) COLLATE utf8mb4_unicode_ci NOT NULL DEFAULT 'n',
  `entry_date` int(10) NOT NULL,
  `year` char(4) COLLATE utf8mb4_unicode_ci NOT NULL,
  `month` char(2) COLLATE utf8mb4_unicode_ci NOT NULL,
  `day` char(3) COLLATE utf8mb4_unicode_ci NOT NULL,
  `expiration_date` int(10) NOT NULL DEFAULT 0,
  `comment_expiration_date` int(10) NOT NULL DEFAULT 0,
  `edit_date` bigint(14) DEFAULT NULL,
  `recent_comment_date` int(10) DEFAULT NULL,
  `comment_total` int(4) unsigned NOT NULL DEFAULT 0,
  `entry_data` text COLLATE utf8mb4_unicode_ci DEFAULT NULL,
  PRIMARY KEY (`entry_id`),
  KEY `channel_id` (`channel_id`),
  KEY `author_id` (`author_id`),
  KEY `url_title` (`url_title`(191)),
  KEY `status` (`status`),
  KEY `entry_date` (`entry_date`),
  KEY `expiration_date` (`expiration_date`),
  KEY `site_id` (`site_id`)
) ENGINE=InnoDB AUTO_INCREMENT=10 DEFAULT CHARSET=utf8mb4 COLLATE=utf8mb4_unicode_ci;

CREATE TABLE `expmc_channel_entry_hidden_fields` (
  `entry_id` int(10) unsigned NOT NULL,
  `field_id` int(10) unsigned NOT NULL,
  PRIMARY KEY (`entry_id`,`field_id`)
) ENGINE=InnoDB DEFAULT CHARSET=utf8mb4 COLLATE=utf8mb4_unicode_ci;

CREATE TABLE `expmc_channel_field_groups_fields` (
  `field_id` int(6) unsigned NOT NULL,
  `group_id` int(4) unsigned NOT NULL,
  PRIMARY KEY (`field_id`,`group_id`)
) ENGINE=InnoDB DEFAULT CHARSET=utf8mb4 COLLATE=utf8mb4_unicode_ci;

CREATE TABLE `expmc_channel_fields` (
  `field_id` int(6) unsigned NOT NULL AUTO_INCREMENT,
  `site_id` int(4) unsigned DEFAULT 1,
  `field_name` varchar(32) COLLATE utf8mb4_unicode_ci NOT NULL,
  `field_label` varchar(50) COLLATE utf8mb4_unicode_ci NOT NULL,
  `field_instructions` text COLLATE utf8mb4_unicode_ci DEFAULT NULL,
  `field_type` varchar(50) COLLATE utf8mb4_unicode_ci NOT NULL DEFAULT 'text',
  `field_list_items` text COLLATE utf8mb4_unicode_ci NOT NULL,
  `field_pre_populate` char(1) COLLATE utf8mb4_unicode_ci NOT NULL DEFAULT 'n',
  `field_pre_channel_id` int(6) unsigned DEFAULT NULL,
  `field_pre_field_id` int(6) unsigned DEFAULT NULL,
  `field_ta_rows` tinyint(2) DEFAULT 8,
  `field_maxl` smallint(3) DEFAULT NULL,
  `field_required` char(1) COLLATE utf8mb4_unicode_ci NOT NULL DEFAULT 'n',
  `field_text_direction` char(3) COLLATE utf8mb4_unicode_ci NOT NULL DEFAULT 'ltr',
  `field_search` char(1) COLLATE utf8mb4_unicode_ci NOT NULL DEFAULT 'n',
  `field_is_hidden` char(1) COLLATE utf8mb4_unicode_ci NOT NULL DEFAULT 'n',
  `field_is_conditional` char(1) COLLATE utf8mb4_unicode_ci NOT NULL DEFAULT 'n',
  `field_fmt` varchar(40) COLLATE utf8mb4_unicode_ci NOT NULL DEFAULT 'xhtml',
  `field_show_fmt` char(1) COLLATE utf8mb4_unicode_ci NOT NULL DEFAULT 'y',
  `field_order` int(3) unsigned NOT NULL,
  `field_content_type` varchar(20) COLLATE utf8mb4_unicode_ci NOT NULL DEFAULT 'any',
  `field_settings` text COLLATE utf8mb4_unicode_ci DEFAULT NULL,
  `legacy_field_data` char(1) COLLATE utf8mb4_unicode_ci NOT NULL DEFAULT 'n',
  `enable_frontedit` char(1) COLLATE utf8mb4_unicode_ci NOT NULL DEFAULT 'y',
  PRIMARY KEY (`field_id`),
  KEY `field_type` (`field_type`),
  KEY `site_id` (`site_id`)
) ENGINE=InnoDB AUTO_INCREMENT=17 DEFAULT CHARSET=utf8mb4 COLLATE=utf8mb4_unicode_ci;

CREATE TABLE `expmc_channel_form_settings` (
  `channel_form_settings_id` int(10) unsigned NOT NULL AUTO_INCREMENT,
  `site_id` int(4) unsigned NOT NULL DEFAULT 0,
  `channel_id` int(6) unsigned NOT NULL DEFAULT 0,
  `default_status` varchar(50) COLLATE utf8mb4_unicode_ci NOT NULL DEFAULT 'open',
  `allow_guest_posts` char(1) COLLATE utf8mb4_unicode_ci NOT NULL DEFAULT 'n',
  `default_author` int(11) NOT NULL DEFAULT 0,
  PRIMARY KEY (`channel_form_settings_id`),
  KEY `site_id` (`site_id`),
  KEY `channel_id` (`channel_id`)
) ENGINE=InnoDB AUTO_INCREMENT=9 DEFAULT CHARSET=utf8mb4 COLLATE=utf8mb4_unicode_ci;

CREATE TABLE `expmc_channel_grid_field_13` (
  `row_id` int(10) unsigned NOT NULL AUTO_INCREMENT,
  `entry_id` int(10) unsigned DEFAULT NULL,
  `row_order` int(10) unsigned DEFAULT NULL,
  `fluid_field_data_id` int(10) unsigned DEFAULT 0,
  `col_id_15` text COLLATE utf8mb4_unicode_ci DEFAULT NULL,
  `col_id_16` text COLLATE utf8mb4_unicode_ci DEFAULT NULL,
  `col_id_17` text COLLATE utf8mb4_unicode_ci DEFAULT NULL,
  PRIMARY KEY (`row_id`),
  KEY `entry_id` (`entry_id`)
) ENGINE=InnoDB AUTO_INCREMENT=2 DEFAULT CHARSET=utf8mb4 COLLATE=utf8mb4_unicode_ci;

CREATE TABLE `expmc_channel_grid_field_14` (
  `row_id` int(10) unsigned NOT NULL AUTO_INCREMENT,
  `entry_id` int(10) unsigned DEFAULT NULL,
  `row_order` int(10) unsigned DEFAULT NULL,
  `fluid_field_data_id` int(10) unsigned DEFAULT 0,
  `col_id_18` text COLLATE utf8mb4_unicode_ci DEFAULT NULL,
  `col_id_19` text COLLATE utf8mb4_unicode_ci DEFAULT NULL,
  `col_id_20` text COLLATE utf8mb4_unicode_ci DEFAULT NULL,
  `col_id_21` text COLLATE utf8mb4_unicode_ci DEFAULT NULL,
  PRIMARY KEY (`row_id`),
  KEY `entry_id` (`entry_id`)
) ENGINE=InnoDB AUTO_INCREMENT=4 DEFAULT CHARSET=utf8mb4 COLLATE=utf8mb4_unicode_ci;

CREATE TABLE `expmc_channel_member_roles` (
  `role_id` int(10) unsigned NOT NULL,
  `channel_id` int(6) unsigned NOT NULL,
  PRIMARY KEY (`role_id`,`channel_id`)
) ENGINE=InnoDB DEFAULT CHARSET=utf8mb4 COLLATE=utf8mb4_unicode_ci;

CREATE TABLE `expmc_channel_titles` (
  `entry_id` int(10) unsigned NOT NULL AUTO_INCREMENT,
  `site_id` int(4) unsigned NOT NULL DEFAULT 1,
  `channel_id` int(4) unsigned NOT NULL,
  `author_id` int(10) unsigned NOT NULL DEFAULT 0,
  `forum_topic_id` int(10) unsigned DEFAULT NULL,
  `ip_address` varchar(45) COLLATE utf8mb4_unicode_ci NOT NULL DEFAULT '0',
  `title` varchar(200) COLLATE utf8mb4_unicode_ci NOT NULL,
  `url_title` varchar(200) COLLATE utf8mb4_unicode_ci NOT NULL,
  `status` varchar(50) COLLATE utf8mb4_unicode_ci NOT NULL,
  `status_id` int(4) unsigned NOT NULL,
  `versioning_enabled` char(1) COLLATE utf8mb4_unicode_ci NOT NULL DEFAULT 'n',
  `view_count_one` int(10) unsigned NOT NULL DEFAULT 0,
  `view_count_two` int(10) unsigned NOT NULL DEFAULT 0,
  `view_count_three` int(10) unsigned NOT NULL DEFAULT 0,
  `view_count_four` int(10) unsigned NOT NULL DEFAULT 0,
  `allow_comments` varchar(1) COLLATE utf8mb4_unicode_ci NOT NULL DEFAULT 'y',
  `sticky` varchar(1) COLLATE utf8mb4_unicode_ci NOT NULL DEFAULT 'n',
  `entry_date` int(10) NOT NULL,
  `year` char(4) COLLATE utf8mb4_unicode_ci NOT NULL,
  `month` char(2) COLLATE utf8mb4_unicode_ci NOT NULL,
  `day` char(3) COLLATE utf8mb4_unicode_ci NOT NULL,
  `expiration_date` int(10) NOT NULL DEFAULT 0,
  `comment_expiration_date` int(10) NOT NULL DEFAULT 0,
  `edit_date` bigint(14) DEFAULT NULL,
  `recent_comment_date` int(10) DEFAULT NULL,
  `comment_total` int(4) unsigned NOT NULL DEFAULT 0,
  PRIMARY KEY (`entry_id`),
  KEY `channel_id` (`channel_id`),
  KEY `author_id` (`author_id`),
  KEY `url_title` (`url_title`(191)),
  KEY `status` (`status`),
  KEY `entry_date` (`entry_date`),
  KEY `expiration_date` (`expiration_date`),
  KEY `site_id` (`site_id`),
  KEY `sticky_date_id_idx` (`sticky`,`entry_date`,`entry_id`)
) ENGINE=InnoDB AUTO_INCREMENT=19 DEFAULT CHARSET=utf8mb4 COLLATE=utf8mb4_unicode_ci;

CREATE TABLE `expmc_channels` (
  `channel_id` int(6) unsigned NOT NULL AUTO_INCREMENT,
  `site_id` int(4) unsigned NOT NULL DEFAULT 1,
  `channel_name` varchar(40) COLLATE utf8mb4_unicode_ci NOT NULL,
  `channel_title` varchar(100) COLLATE utf8mb4_unicode_ci NOT NULL,
  `channel_url` varchar(100) COLLATE utf8mb4_unicode_ci NOT NULL,
  `channel_description` varchar(255) COLLATE utf8mb4_unicode_ci DEFAULT NULL,
  `channel_lang` varchar(12) COLLATE utf8mb4_unicode_ci NOT NULL,
  `total_entries` mediumint(8) NOT NULL DEFAULT 0,
  `total_records` mediumint(8) unsigned NOT NULL DEFAULT 0,
  `total_comments` mediumint(8) NOT NULL DEFAULT 0,
  `last_entry_date` int(10) unsigned NOT NULL DEFAULT 0,
  `last_comment_date` int(10) unsigned NOT NULL DEFAULT 0,
  `cat_group` varchar(255) COLLATE utf8mb4_unicode_ci DEFAULT NULL,
  `deft_status` varchar(50) COLLATE utf8mb4_unicode_ci NOT NULL DEFAULT 'open',
  `search_excerpt` int(4) unsigned DEFAULT NULL,
  `deft_category` varchar(60) COLLATE utf8mb4_unicode_ci DEFAULT NULL,
  `deft_comments` char(1) COLLATE utf8mb4_unicode_ci NOT NULL DEFAULT 'y',
  `channel_require_membership` char(1) COLLATE utf8mb4_unicode_ci NOT NULL DEFAULT 'y',
  `channel_max_chars` int(5) unsigned DEFAULT NULL,
  `channel_html_formatting` char(4) COLLATE utf8mb4_unicode_ci NOT NULL DEFAULT 'all',
  `channel_allow_img_urls` char(1) COLLATE utf8mb4_unicode_ci NOT NULL DEFAULT 'y',
  `channel_auto_link_urls` char(1) COLLATE utf8mb4_unicode_ci NOT NULL DEFAULT 'n',
  `channel_notify` char(1) COLLATE utf8mb4_unicode_ci NOT NULL DEFAULT 'n',
  `channel_notify_emails` varchar(255) COLLATE utf8mb4_unicode_ci DEFAULT NULL,
  `sticky_enabled` char(1) COLLATE utf8mb4_unicode_ci NOT NULL DEFAULT 'n',
  `enable_entry_cloning` char(1) COLLATE utf8mb4_unicode_ci NOT NULL DEFAULT 'y',
  `comment_url` varchar(80) COLLATE utf8mb4_unicode_ci DEFAULT NULL,
  `comment_system_enabled` char(1) COLLATE utf8mb4_unicode_ci NOT NULL DEFAULT 'y',
  `comment_require_membership` char(1) COLLATE utf8mb4_unicode_ci NOT NULL DEFAULT 'n',
  `comment_moderate` char(1) COLLATE utf8mb4_unicode_ci NOT NULL DEFAULT 'n',
  `comment_max_chars` int(5) unsigned DEFAULT 5000,
  `comment_timelock` int(5) unsigned NOT NULL DEFAULT 0,
  `comment_require_email` char(1) COLLATE utf8mb4_unicode_ci NOT NULL DEFAULT 'y',
  `comment_text_formatting` char(40) COLLATE utf8mb4_unicode_ci NOT NULL DEFAULT 'xhtml',
  `comment_html_formatting` char(4) COLLATE utf8mb4_unicode_ci NOT NULL DEFAULT 'safe',
  `comment_allow_img_urls` char(1) COLLATE utf8mb4_unicode_ci NOT NULL DEFAULT 'n',
  `comment_auto_link_urls` char(1) COLLATE utf8mb4_unicode_ci NOT NULL DEFAULT 'y',
  `comment_notify` char(1) COLLATE utf8mb4_unicode_ci NOT NULL DEFAULT 'n',
  `comment_notify_authors` char(1) COLLATE utf8mb4_unicode_ci NOT NULL DEFAULT 'n',
  `comment_notify_emails` varchar(255) COLLATE utf8mb4_unicode_ci DEFAULT NULL,
  `comment_expiration` int(4) unsigned NOT NULL DEFAULT 0,
  `search_results_url` varchar(80) COLLATE utf8mb4_unicode_ci DEFAULT NULL,
  `rss_url` varchar(80) COLLATE utf8mb4_unicode_ci DEFAULT NULL,
  `enable_versioning` char(1) COLLATE utf8mb4_unicode_ci NOT NULL DEFAULT 'n',
  `max_revisions` smallint(4) unsigned NOT NULL DEFAULT 10,
  `default_entry_title` varchar(100) COLLATE utf8mb4_unicode_ci DEFAULT NULL,
  `title_field_label` varchar(100) COLLATE utf8mb4_unicode_ci NOT NULL DEFAULT 'Title',
  `title_field_instructions` text COLLATE utf8mb4_unicode_ci DEFAULT NULL,
  `url_title_prefix` varchar(80) COLLATE utf8mb4_unicode_ci DEFAULT NULL,
  `enforce_auto_url_title` char(1) COLLATE utf8mb4_unicode_ci NOT NULL DEFAULT 'n',
  `preview_url` varchar(100) COLLATE utf8mb4_unicode_ci DEFAULT NULL,
  `allow_preview` char(1) COLLATE utf8mb4_unicode_ci NOT NULL DEFAULT 'y',
  `max_entries` int(10) unsigned NOT NULL DEFAULT 0,
  `conditional_sync_required` char(1) COLLATE utf8mb4_unicode_ci NOT NULL DEFAULT 'n',
  PRIMARY KEY (`channel_id`),
  KEY `cat_group` (`cat_group`(191)),
  KEY `channel_name` (`channel_name`),
  KEY `site_id` (`site_id`)
) ENGINE=InnoDB AUTO_INCREMENT=12 DEFAULT CHARSET=utf8mb4 COLLATE=utf8mb4_unicode_ci;

CREATE TABLE `expmc_channels_channel_field_groups` (
  `channel_id` int(4) unsigned NOT NULL,
  `group_id` int(4) unsigned NOT NULL,
  PRIMARY KEY (`channel_id`,`group_id`)
) ENGINE=InnoDB DEFAULT CHARSET=utf8mb4 COLLATE=utf8mb4_unicode_ci;

CREATE TABLE `expmc_channels_channel_fields` (
  `channel_id` int(4) unsigned NOT NULL,
  `field_id` int(6) unsigned NOT NULL,
  PRIMARY KEY (`channel_id`,`field_id`)
) ENGINE=InnoDB DEFAULT CHARSET=utf8mb4 COLLATE=utf8mb4_unicode_ci;

CREATE TABLE `expmc_channels_statuses` (
  `channel_id` int(4) unsigned NOT NULL,
  `status_id` int(4) unsigned NOT NULL,
  PRIMARY KEY (`channel_id`,`status_id`)
) ENGINE=InnoDB DEFAULT CHARSET=utf8mb4 COLLATE=utf8mb4_unicode_ci;

CREATE TABLE `expmc_comment_subscriptions` (
  `subscription_id` int(10) unsigned NOT NULL AUTO_INCREMENT,
  `entry_id` int(10) unsigned DEFAULT NULL,
  `member_id` int(10) DEFAULT 0,
  `email` varchar(75) COLLATE utf8mb4_unicode_ci DEFAULT NULL,
  `subscription_date` varchar(10) COLLATE utf8mb4_unicode_ci DEFAULT NULL,
  `notification_sent` char(1) COLLATE utf8mb4_unicode_ci DEFAULT 'n',
  `hash` varchar(15) COLLATE utf8mb4_unicode_ci DEFAULT NULL,
  PRIMARY KEY (`subscription_id`),
  KEY `entry_id_member_id` (`entry_id`,`member_id`)
) ENGINE=InnoDB DEFAULT CHARSET=utf8mb4 COLLATE=utf8mb4_unicode_ci;

CREATE TABLE `expmc_comments` (
  `comment_id` int(10) unsigned NOT NULL AUTO_INCREMENT,
  `site_id` int(4) DEFAULT 1,
  `entry_id` int(10) unsigned DEFAULT 0,
  `channel_id` int(4) unsigned DEFAULT 1,
  `author_id` int(10) unsigned DEFAULT 0,
  `status` char(1) COLLATE utf8mb4_unicode_ci DEFAULT '0',
  `name` varchar(50) COLLATE utf8mb4_unicode_ci DEFAULT NULL,
  `email` varchar(75) COLLATE utf8mb4_unicode_ci DEFAULT NULL,
  `url` varchar(75) COLLATE utf8mb4_unicode_ci DEFAULT NULL,
  `location` varchar(50) COLLATE utf8mb4_unicode_ci DEFAULT NULL,
  `ip_address` varchar(45) COLLATE utf8mb4_unicode_ci DEFAULT NULL,
  `comment_date` int(10) DEFAULT NULL,
  `edit_date` int(10) DEFAULT NULL,
  `comment` text COLLATE utf8mb4_unicode_ci DEFAULT NULL,
  PRIMARY KEY (`comment_id`),
  KEY `entry_id_channel_id_author_id_status_site_id` (`entry_id`,`channel_id`,`author_id`,`status`,`site_id`)
) ENGINE=InnoDB AUTO_INCREMENT=16 DEFAULT CHARSET=utf8mb4 COLLATE=utf8mb4_unicode_ci;

CREATE TABLE `expmc_config` (
  `config_id` int(10) unsigned NOT NULL AUTO_INCREMENT,
  `site_id` int(5) unsigned NOT NULL DEFAULT 0,
  `key` varchar(64) NOT NULL DEFAULT '',
  `value` text DEFAULT NULL,
  PRIMARY KEY (`config_id`),
  KEY `site_key` (`site_id`,`key`)
) ENGINE=InnoDB AUTO_INCREMENT=169 DEFAULT CHARSET=utf8;

CREATE TABLE `expmc_consent_audit_log` (
  `consent_audit_id` int(10) unsigned NOT NULL AUTO_INCREMENT,
  `consent_request_id` int(10) unsigned NOT NULL,
  `consent_request_version_id` int(10) unsigned DEFAULT NULL,
  `member_id` int(10) unsigned NOT NULL,
  `ip_address` varchar(45) COLLATE utf8mb4_unicode_ci NOT NULL DEFAULT '0',
  `user_agent` varchar(120) COLLATE utf8mb4_unicode_ci NOT NULL,
  `action` text COLLATE utf8mb4_unicode_ci NOT NULL,
  `log_date` int(10) NOT NULL DEFAULT 0,
  PRIMARY KEY (`consent_audit_id`),
  KEY `consent_request_id` (`consent_request_id`),
  KEY `consent_request_version_id` (`consent_request_version_id`)
) ENGINE=InnoDB DEFAULT CHARSET=utf8mb4 COLLATE=utf8mb4_unicode_ci;

CREATE TABLE `expmc_consent_request_version_cookies` (
  `consent_request_version_cookies_id` int(10) unsigned NOT NULL AUTO_INCREMENT,
  `consent_request_version_id` int(10) unsigned NOT NULL,
  `cookie_id` int(10) unsigned NOT NULL,
  PRIMARY KEY (`consent_request_version_cookies_id`),
  KEY `consent_request_version_cookies` (`consent_request_version_id`,`cookie_id`)
) ENGINE=InnoDB DEFAULT CHARSET=utf8mb4 COLLATE=utf8mb4_unicode_ci;

CREATE TABLE `expmc_consent_request_versions` (
  `consent_request_version_id` int(10) unsigned NOT NULL AUTO_INCREMENT,
  `consent_request_id` int(10) unsigned NOT NULL,
  `request` mediumtext COLLATE utf8mb4_unicode_ci DEFAULT NULL,
  `request_format` varchar(255) COLLATE utf8mb4_unicode_ci NOT NULL DEFAULT '',
  `create_date` int(10) NOT NULL DEFAULT 0,
  `author_id` int(10) unsigned NOT NULL DEFAULT 0,
  PRIMARY KEY (`consent_request_version_id`),
  KEY `consent_request_id` (`consent_request_id`)
) ENGINE=InnoDB AUTO_INCREMENT=4 DEFAULT CHARSET=utf8mb4 COLLATE=utf8mb4_unicode_ci;

CREATE TABLE `expmc_consent_requests` (
  `consent_request_id` int(10) unsigned NOT NULL AUTO_INCREMENT,
  `consent_request_version_id` int(10) unsigned DEFAULT NULL,
  `user_created` char(1) COLLATE utf8mb4_unicode_ci NOT NULL DEFAULT 'n',
  `title` varchar(200) COLLATE utf8mb4_unicode_ci NOT NULL,
  `consent_name` varchar(50) COLLATE utf8mb4_unicode_ci NOT NULL,
  `double_opt_in` char(1) COLLATE utf8mb4_unicode_ci NOT NULL DEFAULT 'n',
  `retention_period` varchar(32) COLLATE utf8mb4_unicode_ci DEFAULT NULL,
  PRIMARY KEY (`consent_request_id`)
) ENGINE=InnoDB AUTO_INCREMENT=4 DEFAULT CHARSET=utf8mb4 COLLATE=utf8mb4_unicode_ci;

CREATE TABLE `expmc_consents` (
  `consent_id` int(10) unsigned NOT NULL AUTO_INCREMENT,
  `consent_request_id` int(10) unsigned NOT NULL,
  `consent_request_version_id` int(10) unsigned NOT NULL,
  `member_id` int(10) unsigned NOT NULL,
  `request_copy` mediumtext COLLATE utf8mb4_unicode_ci DEFAULT NULL,
  `request_format` varchar(255) COLLATE utf8mb4_unicode_ci NOT NULL DEFAULT '',
  `consent_given` char(1) COLLATE utf8mb4_unicode_ci NOT NULL DEFAULT 'n',
  `consent_given_via` varchar(32) COLLATE utf8mb4_unicode_ci DEFAULT NULL,
  `expiration_date` int(10) DEFAULT NULL,
  `response_date` int(10) DEFAULT NULL,
  PRIMARY KEY (`consent_id`),
  KEY `consent_request_version_id` (`consent_request_version_id`),
  KEY `member_id` (`member_id`)
) ENGINE=InnoDB DEFAULT CHARSET=utf8mb4 COLLATE=utf8mb4_unicode_ci;

CREATE TABLE `expmc_content_types` (
  `content_type_id` int(10) unsigned NOT NULL AUTO_INCREMENT,
  `name` varchar(50) COLLATE utf8mb4_unicode_ci NOT NULL DEFAULT '',
  PRIMARY KEY (`content_type_id`),
  KEY `name` (`name`)
) ENGINE=InnoDB AUTO_INCREMENT=3 DEFAULT CHARSET=utf8mb4 COLLATE=utf8mb4_unicode_ci;

CREATE TABLE `expmc_cookie_settings` (
  `cookie_id` int(10) unsigned NOT NULL AUTO_INCREMENT,
  `cookie_provider` varchar(50) COLLATE utf8mb4_unicode_ci NOT NULL,
  `cookie_name` varchar(50) COLLATE utf8mb4_unicode_ci NOT NULL,
  `cookie_lifetime` int(10) unsigned DEFAULT NULL,
  `cookie_enforced_lifetime` int(10) unsigned DEFAULT NULL,
  `cookie_title` varchar(200) COLLATE utf8mb4_unicode_ci NOT NULL,
  `cookie_description` text COLLATE utf8mb4_unicode_ci DEFAULT NULL,
  PRIMARY KEY (`cookie_id`)
) ENGINE=InnoDB AUTO_INCREMENT=22 DEFAULT CHARSET=utf8mb4 COLLATE=utf8mb4_unicode_ci;

CREATE TABLE `expmc_cp_log` (
  `id` int(10) NOT NULL AUTO_INCREMENT,
  `site_id` int(4) unsigned NOT NULL DEFAULT 1,
  `member_id` int(10) unsigned NOT NULL,
  `username` varchar(75) COLLATE utf8mb4_unicode_ci NOT NULL,
  `ip_address` varchar(45) COLLATE utf8mb4_unicode_ci NOT NULL DEFAULT '0',
  `act_date` int(10) NOT NULL,
  `action` text COLLATE utf8mb4_unicode_ci NOT NULL,
  PRIMARY KEY (`id`),
  KEY `site_id` (`site_id`)
) ENGINE=InnoDB AUTO_INCREMENT=36 DEFAULT CHARSET=utf8mb4 COLLATE=utf8mb4_unicode_ci;

CREATE TABLE `expmc_dashboard_layout_widgets` (
  `dashboard_layout_widgets_id` int(10) unsigned NOT NULL AUTO_INCREMENT,
  `layout_id` int(10) unsigned NOT NULL,
  `widget_id` int(10) unsigned NOT NULL,
  PRIMARY KEY (`dashboard_layout_widgets_id`),
  KEY `layouts_widgets` (`layout_id`,`widget_id`)
) ENGINE=InnoDB DEFAULT CHARSET=utf8mb4 COLLATE=utf8mb4_unicode_ci;

CREATE TABLE `expmc_dashboard_layouts` (
  `layout_id` int(10) unsigned NOT NULL AUTO_INCREMENT,
  `member_id` int(10) unsigned DEFAULT NULL,
  `role_id` int(10) unsigned DEFAULT NULL,
  `order` varchar(255) COLLATE utf8mb4_unicode_ci DEFAULT NULL,
  PRIMARY KEY (`layout_id`),
  KEY `member_id` (`member_id`),
  KEY `role_id` (`role_id`)
) ENGINE=InnoDB DEFAULT CHARSET=utf8mb4 COLLATE=utf8mb4_unicode_ci;

CREATE TABLE `expmc_dashboard_widgets` (
  `widget_id` int(10) unsigned NOT NULL AUTO_INCREMENT,
  `widget_name` varchar(50) COLLATE utf8mb4_unicode_ci DEFAULT NULL,
  `widget_data` mediumtext COLLATE utf8mb4_unicode_ci DEFAULT NULL,
  `widget_type` varchar(10) COLLATE utf8mb4_unicode_ci NOT NULL,
  `widget_source` varchar(50) COLLATE utf8mb4_unicode_ci NOT NULL,
  `widget_file` varchar(100) COLLATE utf8mb4_unicode_ci DEFAULT NULL,
  PRIMARY KEY (`widget_id`)
) ENGINE=InnoDB AUTO_INCREMENT=7 DEFAULT CHARSET=utf8mb4 COLLATE=utf8mb4_unicode_ci;

CREATE TABLE `expmc_developer_log` (
  `log_id` int(10) unsigned NOT NULL AUTO_INCREMENT,
  `timestamp` int(10) unsigned NOT NULL,
  `viewed` char(1) COLLATE utf8mb4_unicode_ci NOT NULL DEFAULT 'n',
  `description` text COLLATE utf8mb4_unicode_ci DEFAULT NULL,
  `function` varchar(100) COLLATE utf8mb4_unicode_ci DEFAULT NULL,
  `line` int(10) unsigned DEFAULT NULL,
  `file` varchar(255) COLLATE utf8mb4_unicode_ci DEFAULT NULL,
  `deprecated_since` varchar(10) COLLATE utf8mb4_unicode_ci DEFAULT NULL,
  `use_instead` varchar(100) COLLATE utf8mb4_unicode_ci DEFAULT NULL,
  `template_id` int(10) unsigned NOT NULL DEFAULT 0,
  `template_name` varchar(100) COLLATE utf8mb4_unicode_ci DEFAULT NULL,
  `template_group` varchar(100) COLLATE utf8mb4_unicode_ci DEFAULT NULL,
  `addon_module` varchar(100) COLLATE utf8mb4_unicode_ci DEFAULT NULL,
  `addon_method` varchar(100) COLLATE utf8mb4_unicode_ci DEFAULT NULL,
  `snippets` text COLLATE utf8mb4_unicode_ci DEFAULT NULL,
  `hash` char(32) COLLATE utf8mb4_unicode_ci NOT NULL,
  PRIMARY KEY (`log_id`)
) ENGINE=InnoDB DEFAULT CHARSET=utf8mb4 COLLATE=utf8mb4_unicode_ci;

CREATE TABLE `expmc_dock_prolets` (
  `dock_prolets_id` int(10) unsigned NOT NULL AUTO_INCREMENT,
  `dock_id` int(10) unsigned NOT NULL,
  `prolet_id` int(10) unsigned NOT NULL,
  PRIMARY KEY (`dock_prolets_id`)
) ENGINE=InnoDB AUTO_INCREMENT=4 DEFAULT CHARSET=utf8mb4 COLLATE=utf8mb4_unicode_ci;

CREATE TABLE `expmc_docks` (
  `dock_id` int(10) unsigned NOT NULL AUTO_INCREMENT,
  `site_id` int(10) unsigned DEFAULT NULL,
  PRIMARY KEY (`dock_id`)
) ENGINE=InnoDB AUTO_INCREMENT=2 DEFAULT CHARSET=utf8mb4 COLLATE=utf8mb4_unicode_ci;

CREATE TABLE `expmc_email_cache` (
  `cache_id` int(6) unsigned NOT NULL AUTO_INCREMENT,
  `cache_date` int(10) unsigned NOT NULL DEFAULT 0,
  `total_sent` int(6) unsigned NOT NULL,
  `from_name` varchar(70) COLLATE utf8mb4_unicode_ci NOT NULL,
  `from_email` varchar(254) COLLATE utf8mb4_unicode_ci NOT NULL,
  `recipient` text COLLATE utf8mb4_unicode_ci NOT NULL,
  `cc` text COLLATE utf8mb4_unicode_ci NOT NULL,
  `bcc` text COLLATE utf8mb4_unicode_ci NOT NULL,
  `recipient_array` mediumtext COLLATE utf8mb4_unicode_ci NOT NULL,
  `subject` varchar(120) COLLATE utf8mb4_unicode_ci NOT NULL,
  `message` mediumtext COLLATE utf8mb4_unicode_ci NOT NULL,
  `plaintext_alt` mediumtext COLLATE utf8mb4_unicode_ci NOT NULL,
  `mailtype` varchar(6) COLLATE utf8mb4_unicode_ci NOT NULL,
  `text_fmt` varchar(40) COLLATE utf8mb4_unicode_ci NOT NULL,
  `wordwrap` char(1) COLLATE utf8mb4_unicode_ci NOT NULL DEFAULT 'y',
  `attachments` mediumtext COLLATE utf8mb4_unicode_ci DEFAULT NULL,
  PRIMARY KEY (`cache_id`)
) ENGINE=InnoDB DEFAULT CHARSET=utf8mb4 COLLATE=utf8mb4_unicode_ci;

CREATE TABLE `expmc_email_cache_mg` (
  `cache_id` int(6) unsigned NOT NULL,
  `role_id` int(10) NOT NULL,
  PRIMARY KEY (`cache_id`,`role_id`)
) ENGINE=InnoDB DEFAULT CHARSET=utf8mb4 COLLATE=utf8mb4_unicode_ci;

CREATE TABLE `expmc_email_cache_ml` (
  `cache_id` int(6) unsigned NOT NULL,
  `list_id` smallint(4) NOT NULL,
  PRIMARY KEY (`cache_id`,`list_id`)
) ENGINE=InnoDB DEFAULT CHARSET=utf8mb4 COLLATE=utf8mb4_unicode_ci;

CREATE TABLE `expmc_email_console_cache` (
  `cache_id` int(6) unsigned NOT NULL AUTO_INCREMENT,
  `cache_date` int(10) unsigned NOT NULL DEFAULT 0,
  `member_id` int(10) unsigned NOT NULL,
  `member_name` varchar(50) COLLATE utf8mb4_unicode_ci NOT NULL,
  `ip_address` varchar(45) COLLATE utf8mb4_unicode_ci NOT NULL DEFAULT '0',
  `recipient` varchar(75) COLLATE utf8mb4_unicode_ci NOT NULL,
  `recipient_name` varchar(50) COLLATE utf8mb4_unicode_ci NOT NULL,
  `subject` varchar(120) COLLATE utf8mb4_unicode_ci NOT NULL,
  `message` mediumtext COLLATE utf8mb4_unicode_ci NOT NULL,
  PRIMARY KEY (`cache_id`)
) ENGINE=InnoDB DEFAULT CHARSET=utf8mb4 COLLATE=utf8mb4_unicode_ci;

CREATE TABLE `expmc_email_tracker` (
  `email_id` int(10) unsigned NOT NULL AUTO_INCREMENT,
  `email_date` int(10) unsigned NOT NULL DEFAULT 0,
  `sender_ip` varchar(45) COLLATE utf8mb4_unicode_ci NOT NULL,
  `sender_email` varchar(75) COLLATE utf8mb4_unicode_ci NOT NULL,
  `sender_username` varchar(50) COLLATE utf8mb4_unicode_ci NOT NULL,
  `number_recipients` int(4) unsigned NOT NULL DEFAULT 1,
  PRIMARY KEY (`email_id`)
) ENGINE=InnoDB DEFAULT CHARSET=utf8mb4 COLLATE=utf8mb4_unicode_ci;

CREATE TABLE `expmc_entry_manager_views` (
  `view_id` int(10) unsigned NOT NULL AUTO_INCREMENT,
  `channel_id` int(6) unsigned NOT NULL,
  `member_id` int(10) unsigned NOT NULL,
  `name` varchar(128) NOT NULL DEFAULT '',
  `columns` text NOT NULL,
  PRIMARY KEY (`view_id`),
  KEY `channel_id_member_id` (`channel_id`,`member_id`)
) ENGINE=InnoDB DEFAULT CHARSET=utf8;

CREATE TABLE `expmc_entry_versioning` (
  `version_id` int(10) unsigned NOT NULL AUTO_INCREMENT,
  `entry_id` int(10) unsigned NOT NULL,
  `channel_id` int(4) unsigned NOT NULL,
  `author_id` int(10) unsigned NOT NULL,
  `version_date` int(10) NOT NULL,
  `version_data` mediumtext COLLATE utf8mb4_unicode_ci NOT NULL,
  PRIMARY KEY (`version_id`),
  KEY `entry_id` (`entry_id`)
) ENGINE=InnoDB DEFAULT CHARSET=utf8mb4 COLLATE=utf8mb4_unicode_ci;

CREATE TABLE `expmc_extensions` (
  `extension_id` int(10) unsigned NOT NULL AUTO_INCREMENT,
  `class` varchar(50) COLLATE utf8mb4_unicode_ci NOT NULL DEFAULT '',
  `method` varchar(50) COLLATE utf8mb4_unicode_ci NOT NULL DEFAULT '',
  `hook` varchar(50) COLLATE utf8mb4_unicode_ci NOT NULL DEFAULT '',
  `settings` text COLLATE utf8mb4_unicode_ci NOT NULL,
  `priority` int(2) NOT NULL DEFAULT 10,
  `version` varchar(10) COLLATE utf8mb4_unicode_ci NOT NULL DEFAULT '',
  `enabled` char(1) COLLATE utf8mb4_unicode_ci NOT NULL DEFAULT 'y',
  PRIMARY KEY (`extension_id`),
  KEY `enabled` (`enabled`)
) ENGINE=InnoDB AUTO_INCREMENT=16 DEFAULT CHARSET=utf8mb4 COLLATE=utf8mb4_unicode_ci;

CREATE TABLE `expmc_field_condition_sets` (
  `condition_set_id` int(10) unsigned NOT NULL AUTO_INCREMENT,
  `match` varchar(20) COLLATE utf8mb4_unicode_ci NOT NULL DEFAULT 'all',
  `order` int(10) unsigned NOT NULL DEFAULT 0,
  PRIMARY KEY (`condition_set_id`)
) ENGINE=InnoDB DEFAULT CHARSET=utf8mb4 COLLATE=utf8mb4_unicode_ci;

CREATE TABLE `expmc_field_condition_sets_channel_fields` (
  `condition_set_id` int(10) unsigned NOT NULL,
  `field_id` int(10) unsigned NOT NULL,
  PRIMARY KEY (`condition_set_id`,`field_id`)
) ENGINE=InnoDB DEFAULT CHARSET=utf8mb4 COLLATE=utf8mb4_unicode_ci;

CREATE TABLE `expmc_field_conditions` (
  `condition_id` int(10) unsigned NOT NULL AUTO_INCREMENT,
  `condition_set_id` int(10) unsigned NOT NULL,
  `condition_field_id` int(10) unsigned NOT NULL,
  `evaluation_rule` varchar(100) COLLATE utf8mb4_unicode_ci NOT NULL DEFAULT '',
  `value` varchar(255) COLLATE utf8mb4_unicode_ci DEFAULT NULL,
  `order` int(10) unsigned NOT NULL DEFAULT 0,
  PRIMARY KEY (`condition_id`),
  KEY `condition_set_id` (`condition_set_id`),
  KEY `condition_field_id` (`condition_field_id`)
) ENGINE=InnoDB DEFAULT CHARSET=utf8mb4 COLLATE=utf8mb4_unicode_ci;

CREATE TABLE `expmc_field_groups` (
  `group_id` int(4) unsigned NOT NULL AUTO_INCREMENT,
  `site_id` int(4) unsigned DEFAULT 1,
  `group_name` varchar(50) COLLATE utf8mb4_unicode_ci NOT NULL,
  `short_name` varchar(50) COLLATE utf8mb4_unicode_ci NOT NULL,
  `group_description` text COLLATE utf8mb4_unicode_ci DEFAULT NULL,
  PRIMARY KEY (`group_id`),
  KEY `site_id` (`site_id`)
) ENGINE=InnoDB AUTO_INCREMENT=7 DEFAULT CHARSET=utf8mb4 COLLATE=utf8mb4_unicode_ci;

CREATE TABLE `expmc_fieldtypes` (
  `fieldtype_id` int(4) unsigned NOT NULL AUTO_INCREMENT,
  `name` varchar(50) COLLATE utf8mb4_unicode_ci NOT NULL,
  `version` varchar(12) COLLATE utf8mb4_unicode_ci NOT NULL,
  `settings` text COLLATE utf8mb4_unicode_ci DEFAULT NULL,
  `has_global_settings` char(1) COLLATE utf8mb4_unicode_ci DEFAULT 'n',
  PRIMARY KEY (`fieldtype_id`)
) ENGINE=InnoDB AUTO_INCREMENT=26 DEFAULT CHARSET=utf8mb4 COLLATE=utf8mb4_unicode_ci;

CREATE TABLE `expmc_file_categories` (
  `file_id` int(10) unsigned NOT NULL,
  `cat_id` int(10) unsigned NOT NULL,
  `sort` int(10) unsigned DEFAULT 0,
  `is_cover` char(1) COLLATE utf8mb4_unicode_ci DEFAULT 'n',
  PRIMARY KEY (`file_id`,`cat_id`),
  KEY `cat_id` (`cat_id`)
) ENGINE=InnoDB DEFAULT CHARSET=utf8mb4 COLLATE=utf8mb4_unicode_ci;

CREATE TABLE `expmc_file_data` (
  `file_id` int(10) unsigned NOT NULL,
  PRIMARY KEY (`file_id`)
) ENGINE=InnoDB DEFAULT CHARSET=utf8mb4 COLLATE=utf8mb4_unicode_ci;

CREATE TABLE `expmc_file_dimensions` (
  `id` int(10) unsigned NOT NULL AUTO_INCREMENT,
  `site_id` int(4) unsigned NOT NULL DEFAULT 1,
  `upload_location_id` int(4) unsigned DEFAULT NULL,
  `title` varchar(255) COLLATE utf8mb4_unicode_ci DEFAULT '',
  `short_name` varchar(255) COLLATE utf8mb4_unicode_ci DEFAULT '',
  `resize_type` varchar(50) COLLATE utf8mb4_unicode_ci DEFAULT '',
  `width` int(10) DEFAULT 0,
  `height` int(10) DEFAULT 0,
  `quality` tinyint(1) unsigned DEFAULT 90,
  `watermark_id` int(4) unsigned DEFAULT NULL,
  PRIMARY KEY (`id`),
  KEY `upload_location_id` (`upload_location_id`)
) ENGINE=InnoDB DEFAULT CHARSET=utf8mb4 COLLATE=utf8mb4_unicode_ci;

CREATE TABLE `expmc_file_manager_views` (
  `view_id` int(10) unsigned NOT NULL AUTO_INCREMENT,
  `viewtype` varchar(10) NOT NULL DEFAULT 'list',
  `upload_id` int(6) unsigned NOT NULL,
  `member_id` int(10) unsigned NOT NULL,
  `name` varchar(128) NOT NULL DEFAULT '',
  `columns` text NOT NULL,
  PRIMARY KEY (`view_id`),
  KEY `viewtype_upload_id_member_id` (`viewtype`,`upload_id`,`member_id`)
) ENGINE=InnoDB DEFAULT CHARSET=utf8;

CREATE TABLE `expmc_file_usage` (
  `file_usage_id` int(10) unsigned NOT NULL AUTO_INCREMENT,
  `file_id` int(10) unsigned NOT NULL,
  `entry_id` int(10) unsigned NOT NULL DEFAULT 0,
  `cat_id` int(10) unsigned NOT NULL DEFAULT 0,
  PRIMARY KEY (`file_usage_id`),
  KEY `file_id` (`file_id`),
  KEY `entry_id` (`entry_id`),
  KEY `cat_id` (`cat_id`)
) ENGINE=InnoDB AUTO_INCREMENT=16 DEFAULT CHARSET=utf8mb4 COLLATE=utf8mb4_unicode_ci;

CREATE TABLE `expmc_file_watermarks` (
  `wm_id` int(4) unsigned NOT NULL AUTO_INCREMENT,
  `wm_name` varchar(80) COLLATE utf8mb4_unicode_ci DEFAULT NULL,
  `wm_type` varchar(10) COLLATE utf8mb4_unicode_ci DEFAULT 'text',
  `wm_image_path` varchar(255) COLLATE utf8mb4_unicode_ci DEFAULT NULL,
  `wm_test_image_path` varchar(255) COLLATE utf8mb4_unicode_ci DEFAULT NULL,
  `wm_use_font` char(1) COLLATE utf8mb4_unicode_ci DEFAULT 'y',
  `wm_font` varchar(30) COLLATE utf8mb4_unicode_ci DEFAULT NULL,
  `wm_font_size` int(3) unsigned DEFAULT NULL,
  `wm_text` varchar(100) COLLATE utf8mb4_unicode_ci DEFAULT NULL,
  `wm_vrt_alignment` varchar(10) COLLATE utf8mb4_unicode_ci DEFAULT 'top',
  `wm_hor_alignment` varchar(10) COLLATE utf8mb4_unicode_ci DEFAULT 'left',
  `wm_padding` int(3) unsigned DEFAULT NULL,
  `wm_opacity` int(3) unsigned DEFAULT NULL,
  `wm_hor_offset` int(4) unsigned DEFAULT NULL,
  `wm_vrt_offset` int(4) unsigned DEFAULT NULL,
  `wm_x_transp` int(4) DEFAULT NULL,
  `wm_y_transp` int(4) DEFAULT NULL,
  `wm_font_color` varchar(7) COLLATE utf8mb4_unicode_ci DEFAULT NULL,
  `wm_use_drop_shadow` char(1) COLLATE utf8mb4_unicode_ci DEFAULT 'y',
  `wm_shadow_distance` int(3) unsigned DEFAULT NULL,
  `wm_shadow_color` varchar(7) COLLATE utf8mb4_unicode_ci DEFAULT NULL,
  PRIMARY KEY (`wm_id`)
) ENGINE=InnoDB DEFAULT CHARSET=utf8mb4 COLLATE=utf8mb4_unicode_ci;

CREATE TABLE `expmc_files` (
  `file_id` int(10) unsigned NOT NULL AUTO_INCREMENT,
  `model_type` enum('File','Directory') COLLATE utf8mb4_unicode_ci NOT NULL DEFAULT 'File',
  `site_id` int(4) unsigned DEFAULT 1,
  `title` varchar(255) COLLATE utf8mb4_unicode_ci DEFAULT NULL,
  `upload_location_id` int(4) unsigned DEFAULT 0,
  `directory_id` int(10) unsigned DEFAULT 0,
  `mime_type` varchar(255) COLLATE utf8mb4_unicode_ci DEFAULT NULL,
  `file_type` varchar(50) COLLATE utf8mb4_unicode_ci DEFAULT NULL,
  `file_name` varchar(255) COLLATE utf8mb4_unicode_ci DEFAULT NULL,
  `file_size` int(10) DEFAULT 0,
  `description` text COLLATE utf8mb4_unicode_ci DEFAULT NULL,
  `credit` varchar(255) COLLATE utf8mb4_unicode_ci DEFAULT NULL,
  `location` varchar(255) COLLATE utf8mb4_unicode_ci DEFAULT NULL,
  `uploaded_by_member_id` int(10) unsigned DEFAULT 0,
  `upload_date` int(10) DEFAULT NULL,
  `modified_by_member_id` int(10) unsigned DEFAULT 0,
  `modified_date` int(10) DEFAULT NULL,
  `file_hw_original` varchar(20) COLLATE utf8mb4_unicode_ci NOT NULL DEFAULT '',
  `total_records` int(10) unsigned DEFAULT 0,
  PRIMARY KEY (`file_id`),
  KEY `model_type` (`model_type`),
  KEY `upload_location_id` (`upload_location_id`),
  KEY `directory_id` (`directory_id`),
  KEY `file_type` (`file_type`),
  KEY `site_id` (`site_id`)
) ENGINE=InnoDB AUTO_INCREMENT=13 DEFAULT CHARSET=utf8mb4 COLLATE=utf8mb4_unicode_ci;

CREATE TABLE `expmc_fluid_field_data` (
  `id` int(11) unsigned NOT NULL AUTO_INCREMENT,
  `fluid_field_id` int(11) unsigned NOT NULL,
  `entry_id` int(11) unsigned NOT NULL,
  `field_id` int(11) unsigned NOT NULL,
  `field_data_id` int(11) unsigned NOT NULL,
  `field_group_id` int(11) unsigned DEFAULT NULL,
  `order` int(5) unsigned NOT NULL DEFAULT 0,
  `group` int(11) unsigned DEFAULT NULL,
  PRIMARY KEY (`id`),
  KEY `fluid_field_id_entry_id` (`fluid_field_id`,`entry_id`)
) ENGINE=InnoDB DEFAULT CHARSET=utf8mb4 COLLATE=utf8mb4_unicode_ci;

CREATE TABLE `expmc_global_variables` (
  `variable_id` int(6) unsigned NOT NULL AUTO_INCREMENT,
  `site_id` int(4) unsigned NOT NULL DEFAULT 1,
  `variable_name` varchar(50) COLLATE utf8mb4_unicode_ci NOT NULL,
  `variable_data` text COLLATE utf8mb4_unicode_ci NOT NULL,
  `edit_date` int(10) NOT NULL DEFAULT 0,
  PRIMARY KEY (`variable_id`),
  KEY `variable_name` (`variable_name`),
  KEY `site_id` (`site_id`)
) ENGINE=InnoDB AUTO_INCREMENT=7 DEFAULT CHARSET=utf8mb4 COLLATE=utf8mb4_unicode_ci;

CREATE TABLE `expmc_grid_columns` (
  `col_id` int(10) unsigned NOT NULL AUTO_INCREMENT,
  `field_id` int(10) unsigned DEFAULT NULL,
  `content_type` varchar(50) COLLATE utf8mb4_unicode_ci DEFAULT NULL,
  `col_order` int(3) unsigned DEFAULT NULL,
  `col_type` varchar(50) COLLATE utf8mb4_unicode_ci DEFAULT NULL,
  `col_label` varchar(50) COLLATE utf8mb4_unicode_ci DEFAULT NULL,
  `col_name` varchar(32) COLLATE utf8mb4_unicode_ci DEFAULT NULL,
  `col_instructions` text COLLATE utf8mb4_unicode_ci DEFAULT NULL,
  `col_required` char(1) COLLATE utf8mb4_unicode_ci DEFAULT NULL,
  `col_search` char(1) COLLATE utf8mb4_unicode_ci DEFAULT NULL,
  `col_width` int(3) unsigned DEFAULT NULL,
  `col_settings` text COLLATE utf8mb4_unicode_ci DEFAULT NULL,
  PRIMARY KEY (`col_id`),
  KEY `field_id` (`field_id`)
) ENGINE=InnoDB AUTO_INCREMENT=22 DEFAULT CHARSET=utf8mb4 COLLATE=utf8mb4_unicode_ci;

CREATE TABLE `expmc_html_buttons` (
  `id` int(10) unsigned NOT NULL AUTO_INCREMENT,
  `site_id` int(4) unsigned NOT NULL DEFAULT 1,
  `member_id` int(10) NOT NULL DEFAULT 0,
  `tag_name` varchar(32) COLLATE utf8mb4_unicode_ci NOT NULL,
  `tag_open` varchar(120) COLLATE utf8mb4_unicode_ci NOT NULL,
  `tag_close` varchar(120) COLLATE utf8mb4_unicode_ci NOT NULL,
  `accesskey` varchar(32) COLLATE utf8mb4_unicode_ci NOT NULL,
  `tag_order` int(3) unsigned NOT NULL,
  `tag_row` char(1) COLLATE utf8mb4_unicode_ci NOT NULL DEFAULT '1',
  `classname` varchar(20) COLLATE utf8mb4_unicode_ci DEFAULT NULL,
  PRIMARY KEY (`id`),
  KEY `site_id` (`site_id`)
) ENGINE=InnoDB AUTO_INCREMENT=6 DEFAULT CHARSET=utf8mb4 COLLATE=utf8mb4_unicode_ci;

CREATE TABLE `expmc_layout_publish` (
  `layout_id` int(10) unsigned NOT NULL AUTO_INCREMENT,
  `site_id` int(4) unsigned NOT NULL DEFAULT 1,
  `channel_id` int(4) unsigned NOT NULL DEFAULT 0,
  `layout_name` varchar(50) COLLATE utf8mb4_unicode_ci NOT NULL,
  `field_layout` text COLLATE utf8mb4_unicode_ci DEFAULT NULL,
  PRIMARY KEY (`layout_id`),
  KEY `site_id` (`site_id`),
  KEY `channel_id` (`channel_id`)
) ENGINE=InnoDB DEFAULT CHARSET=utf8mb4 COLLATE=utf8mb4_unicode_ci;

CREATE TABLE `expmc_layout_publish_member_roles` (
  `layout_id` int(10) unsigned NOT NULL,
  `role_id` int(10) unsigned NOT NULL,
  PRIMARY KEY (`layout_id`,`role_id`)
) ENGINE=InnoDB DEFAULT CHARSET=utf8mb4 COLLATE=utf8mb4_unicode_ci;

CREATE TABLE `expmc_member_bulletin_board` (
  `bulletin_id` int(10) unsigned NOT NULL AUTO_INCREMENT,
  `sender_id` int(10) unsigned NOT NULL,
  `bulletin_group` int(8) unsigned NOT NULL,
  `bulletin_date` int(10) unsigned NOT NULL,
  `hash` varchar(10) COLLATE utf8mb4_unicode_ci NOT NULL DEFAULT '',
  `bulletin_expires` int(10) unsigned NOT NULL DEFAULT 0,
  `bulletin_message` text COLLATE utf8mb4_unicode_ci NOT NULL,
  PRIMARY KEY (`bulletin_id`),
  KEY `sender_id` (`sender_id`),
  KEY `hash` (`hash`)
) ENGINE=InnoDB DEFAULT CHARSET=utf8mb4 COLLATE=utf8mb4_unicode_ci;

CREATE TABLE `expmc_member_data` (
  `member_id` int(10) unsigned NOT NULL,
  PRIMARY KEY (`member_id`)
) ENGINE=InnoDB DEFAULT CHARSET=utf8mb4 COLLATE=utf8mb4_unicode_ci;

CREATE TABLE `expmc_member_fields` (
  `m_field_id` int(4) unsigned NOT NULL AUTO_INCREMENT,
  `m_field_name` varchar(32) COLLATE utf8mb4_unicode_ci NOT NULL,
  `m_field_label` varchar(50) COLLATE utf8mb4_unicode_ci NOT NULL,
  `m_field_description` text COLLATE utf8mb4_unicode_ci NOT NULL,
  `m_field_type` varchar(50) COLLATE utf8mb4_unicode_ci NOT NULL DEFAULT 'text',
  `m_field_list_items` text COLLATE utf8mb4_unicode_ci NOT NULL,
  `m_field_ta_rows` tinyint(2) DEFAULT 8,
  `m_field_maxl` smallint(3) DEFAULT NULL,
  `m_field_width` varchar(6) COLLATE utf8mb4_unicode_ci DEFAULT NULL,
  `m_field_search` char(1) COLLATE utf8mb4_unicode_ci NOT NULL DEFAULT 'y',
  `m_field_required` char(1) COLLATE utf8mb4_unicode_ci NOT NULL DEFAULT 'n',
  `m_field_public` char(1) COLLATE utf8mb4_unicode_ci NOT NULL DEFAULT 'y',
  `m_field_reg` char(1) COLLATE utf8mb4_unicode_ci NOT NULL DEFAULT 'n',
  `m_field_cp_reg` char(1) COLLATE utf8mb4_unicode_ci NOT NULL DEFAULT 'n',
  `m_field_fmt` varchar(40) COLLATE utf8mb4_unicode_ci NOT NULL DEFAULT 'none',
  `m_field_show_fmt` char(1) COLLATE utf8mb4_unicode_ci NOT NULL DEFAULT 'y',
  `m_field_exclude_from_anon` char(1) COLLATE utf8mb4_unicode_ci NOT NULL DEFAULT 'n',
  `m_field_order` int(3) unsigned DEFAULT NULL,
  `m_field_text_direction` char(3) COLLATE utf8mb4_unicode_ci DEFAULT 'ltr',
  `m_field_settings` text COLLATE utf8mb4_unicode_ci DEFAULT NULL,
  `m_legacy_field_data` char(1) COLLATE utf8mb4_unicode_ci NOT NULL DEFAULT 'n',
  PRIMARY KEY (`m_field_id`)
) ENGINE=InnoDB DEFAULT CHARSET=utf8mb4 COLLATE=utf8mb4_unicode_ci;

CREATE TABLE `expmc_member_manager_views` (
  `view_id` int(10) unsigned NOT NULL AUTO_INCREMENT,
  `role_id` int(6) unsigned NOT NULL,
  `member_id` int(10) unsigned NOT NULL,
  `name` varchar(128) NOT NULL DEFAULT '',
  `columns` text NOT NULL,
  PRIMARY KEY (`view_id`),
  KEY `role_id_member_id` (`role_id`,`member_id`)
) ENGINE=InnoDB DEFAULT CHARSET=utf8;

CREATE TABLE `expmc_member_news_views` (
  `news_id` int(10) unsigned NOT NULL AUTO_INCREMENT,
  `version` varchar(10) COLLATE utf8mb4_unicode_ci DEFAULT NULL,
  `member_id` int(10) unsigned NOT NULL DEFAULT 0,
  PRIMARY KEY (`news_id`),
  KEY `member_id` (`member_id`)
) ENGINE=InnoDB AUTO_INCREMENT=2 DEFAULT CHARSET=utf8mb4 COLLATE=utf8mb4_unicode_ci;

CREATE TABLE `expmc_member_relationships` (
  `relationship_id` int(6) unsigned NOT NULL AUTO_INCREMENT,
  `parent_id` int(10) unsigned NOT NULL DEFAULT 0,
  `child_id` int(10) unsigned NOT NULL DEFAULT 0,
  `field_id` int(10) unsigned NOT NULL DEFAULT 0,
  `fluid_field_data_id` int(10) unsigned NOT NULL DEFAULT 0,
  `grid_field_id` int(10) unsigned NOT NULL DEFAULT 0,
  `grid_col_id` int(10) unsigned NOT NULL DEFAULT 0,
  `grid_row_id` int(10) unsigned NOT NULL DEFAULT 0,
  `order` int(10) unsigned NOT NULL DEFAULT 0,
  PRIMARY KEY (`relationship_id`),
  KEY `parent_id` (`parent_id`),
  KEY `child_id` (`child_id`),
  KEY `field_id` (`field_id`),
  KEY `fluid_field_data_id` (`fluid_field_data_id`),
  KEY `grid_row_id` (`grid_row_id`)
) ENGINE=InnoDB DEFAULT CHARSET=utf8mb4 COLLATE=utf8mb4_unicode_ci;

CREATE TABLE `expmc_member_search` (
  `search_id` varchar(32) COLLATE utf8mb4_unicode_ci NOT NULL,
  `site_id` int(4) unsigned NOT NULL DEFAULT 1,
  `search_date` int(10) unsigned NOT NULL,
  `keywords` varchar(200) COLLATE utf8mb4_unicode_ci NOT NULL,
  `fields` varchar(200) COLLATE utf8mb4_unicode_ci NOT NULL,
  `member_id` int(10) unsigned NOT NULL,
  `ip_address` varchar(45) COLLATE utf8mb4_unicode_ci NOT NULL DEFAULT '0',
  `total_results` int(8) unsigned NOT NULL,
  `query` text COLLATE utf8mb4_unicode_ci NOT NULL,
  PRIMARY KEY (`search_id`),
  KEY `member_id` (`member_id`),
  KEY `site_id` (`site_id`)
) ENGINE=InnoDB DEFAULT CHARSET=utf8mb4 COLLATE=utf8mb4_unicode_ci;

CREATE TABLE `expmc_members` (
  `member_id` int(10) unsigned NOT NULL AUTO_INCREMENT,
  `role_id` int(10) NOT NULL DEFAULT 0,
  `pending_role_id` int(10) NOT NULL DEFAULT 0,
  `username` varchar(75) COLLATE utf8mb4_unicode_ci NOT NULL,
  `screen_name` varchar(75) COLLATE utf8mb4_unicode_ci NOT NULL,
  `password` varchar(128) COLLATE utf8mb4_unicode_ci NOT NULL DEFAULT '',
  `salt` varchar(128) COLLATE utf8mb4_unicode_ci NOT NULL DEFAULT '',
  `unique_id` varchar(40) COLLATE utf8mb4_unicode_ci NOT NULL,
  `crypt_key` varchar(40) COLLATE utf8mb4_unicode_ci DEFAULT NULL,
  `backup_mfa_code` varchar(128) COLLATE utf8mb4_unicode_ci DEFAULT NULL,
  `authcode` varchar(10) COLLATE utf8mb4_unicode_ci DEFAULT NULL,
  `email` varchar(254) COLLATE utf8mb4_unicode_ci NOT NULL,
  `signature` text COLLATE utf8mb4_unicode_ci DEFAULT NULL,
  `avatar_filename` varchar(120) COLLATE utf8mb4_unicode_ci DEFAULT NULL,
  `avatar_width` int(4) unsigned DEFAULT NULL,
  `avatar_height` int(4) unsigned DEFAULT NULL,
  `photo_filename` varchar(120) COLLATE utf8mb4_unicode_ci DEFAULT NULL,
  `photo_width` int(4) unsigned DEFAULT NULL,
  `photo_height` int(4) unsigned DEFAULT NULL,
  `sig_img_filename` varchar(120) COLLATE utf8mb4_unicode_ci DEFAULT NULL,
  `sig_img_width` int(4) unsigned DEFAULT NULL,
  `sig_img_height` int(4) unsigned DEFAULT NULL,
  `ignore_list` text COLLATE utf8mb4_unicode_ci DEFAULT NULL,
  `private_messages` int(4) unsigned NOT NULL DEFAULT 0,
  `accept_messages` char(1) COLLATE utf8mb4_unicode_ci NOT NULL DEFAULT 'y',
  `last_view_bulletins` int(10) NOT NULL DEFAULT 0,
  `last_bulletin_date` int(10) NOT NULL DEFAULT 0,
  `ip_address` varchar(45) COLLATE utf8mb4_unicode_ci NOT NULL DEFAULT '0',
  `join_date` int(10) unsigned NOT NULL DEFAULT 0,
  `last_visit` int(10) unsigned NOT NULL DEFAULT 0,
  `last_activity` int(10) unsigned NOT NULL DEFAULT 0,
  `total_entries` mediumint(8) unsigned NOT NULL DEFAULT 0,
  `total_comments` mediumint(8) unsigned NOT NULL DEFAULT 0,
  `total_forum_topics` mediumint(8) NOT NULL DEFAULT 0,
  `total_forum_posts` mediumint(8) NOT NULL DEFAULT 0,
  `last_entry_date` int(10) unsigned NOT NULL DEFAULT 0,
  `last_comment_date` int(10) unsigned NOT NULL DEFAULT 0,
  `last_forum_post_date` int(10) unsigned NOT NULL DEFAULT 0,
  `last_email_date` int(10) unsigned NOT NULL DEFAULT 0,
  `in_authorlist` char(1) COLLATE utf8mb4_unicode_ci NOT NULL DEFAULT 'n',
  `accept_admin_email` char(1) COLLATE utf8mb4_unicode_ci NOT NULL DEFAULT 'y',
  `accept_user_email` char(1) COLLATE utf8mb4_unicode_ci NOT NULL DEFAULT 'y',
  `notify_by_default` char(1) COLLATE utf8mb4_unicode_ci NOT NULL DEFAULT 'y',
  `notify_of_pm` char(1) COLLATE utf8mb4_unicode_ci NOT NULL DEFAULT 'y',
  `display_signatures` char(1) COLLATE utf8mb4_unicode_ci NOT NULL DEFAULT 'y',
  `parse_smileys` char(1) COLLATE utf8mb4_unicode_ci NOT NULL DEFAULT 'y',
  `smart_notifications` char(1) COLLATE utf8mb4_unicode_ci NOT NULL DEFAULT 'y',
  `language` varchar(50) COLLATE utf8mb4_unicode_ci NOT NULL,
  `timezone` varchar(50) COLLATE utf8mb4_unicode_ci DEFAULT NULL,
  `time_format` char(2) COLLATE utf8mb4_unicode_ci DEFAULT NULL,
  `date_format` varchar(8) COLLATE utf8mb4_unicode_ci DEFAULT NULL,
  `week_start` varchar(8) COLLATE utf8mb4_unicode_ci DEFAULT NULL,
  `include_seconds` char(1) COLLATE utf8mb4_unicode_ci DEFAULT NULL,
  `profile_theme` varchar(32) COLLATE utf8mb4_unicode_ci DEFAULT NULL,
  `forum_theme` varchar(32) COLLATE utf8mb4_unicode_ci DEFAULT NULL,
  `tracker` text COLLATE utf8mb4_unicode_ci DEFAULT NULL,
  `template_size` varchar(2) COLLATE utf8mb4_unicode_ci NOT NULL DEFAULT '28',
  `notepad` text COLLATE utf8mb4_unicode_ci DEFAULT NULL,
  `notepad_size` varchar(2) COLLATE utf8mb4_unicode_ci NOT NULL DEFAULT '18',
  `bookmarklets` text COLLATE utf8mb4_unicode_ci DEFAULT NULL,
  `quick_links` text COLLATE utf8mb4_unicode_ci DEFAULT NULL,
  `quick_tabs` text COLLATE utf8mb4_unicode_ci DEFAULT NULL,
  `show_sidebar` char(1) COLLATE utf8mb4_unicode_ci NOT NULL DEFAULT 'n',
  `pmember_id` int(10) NOT NULL DEFAULT 0,
  `cp_homepage` varchar(20) COLLATE utf8mb4_unicode_ci DEFAULT NULL,
  `cp_homepage_channel` text COLLATE utf8mb4_unicode_ci DEFAULT NULL,
  `cp_homepage_custom` varchar(100) COLLATE utf8mb4_unicode_ci DEFAULT NULL,
  `dismissed_banner` char(1) COLLATE utf8mb4_unicode_ci NOT NULL DEFAULT 'n',
  `enable_mfa` char(1) COLLATE utf8mb4_unicode_ci NOT NULL DEFAULT 'n',
  PRIMARY KEY (`member_id`),
  KEY `role_id` (`role_id`),
  KEY `unique_id` (`unique_id`),
  KEY `password` (`password`)
) ENGINE=InnoDB AUTO_INCREMENT=2 DEFAULT CHARSET=utf8mb4 COLLATE=utf8mb4_unicode_ci;

CREATE TABLE `expmc_members_role_groups` (
  `member_id` int(10) unsigned NOT NULL,
  `group_id` int(10) unsigned NOT NULL,
  PRIMARY KEY (`member_id`,`group_id`)
) ENGINE=InnoDB DEFAULT CHARSET=utf8mb4 COLLATE=utf8mb4_unicode_ci;

CREATE TABLE `expmc_members_roles` (
  `member_id` int(10) unsigned NOT NULL,
  `role_id` int(10) unsigned NOT NULL,
  PRIMARY KEY (`member_id`,`role_id`)
) ENGINE=InnoDB DEFAULT CHARSET=utf8mb4 COLLATE=utf8mb4_unicode_ci;

CREATE TABLE `expmc_menu_items` (
  `item_id` int(10) unsigned NOT NULL AUTO_INCREMENT,
  `parent_id` int(10) NOT NULL DEFAULT 0,
  `set_id` int(10) DEFAULT NULL,
  `name` varchar(50) COLLATE utf8mb4_unicode_ci DEFAULT NULL,
  `data` varchar(255) COLLATE utf8mb4_unicode_ci DEFAULT NULL,
  `type` varchar(10) COLLATE utf8mb4_unicode_ci DEFAULT NULL,
  `sort` int(5) NOT NULL DEFAULT 0,
  PRIMARY KEY (`item_id`),
  KEY `set_id` (`set_id`)
) ENGINE=InnoDB DEFAULT CHARSET=utf8mb4 COLLATE=utf8mb4_unicode_ci;

CREATE TABLE `expmc_menu_sets` (
  `set_id` int(10) unsigned NOT NULL AUTO_INCREMENT,
  `name` varchar(50) COLLATE utf8mb4_unicode_ci DEFAULT NULL,
  PRIMARY KEY (`set_id`)
) ENGINE=InnoDB AUTO_INCREMENT=2 DEFAULT CHARSET=utf8mb4 COLLATE=utf8mb4_unicode_ci;

CREATE TABLE `expmc_message_attachments` (
  `attachment_id` int(10) unsigned NOT NULL AUTO_INCREMENT,
  `sender_id` int(10) unsigned NOT NULL DEFAULT 0,
  `message_id` int(10) unsigned NOT NULL DEFAULT 0,
  `attachment_name` varchar(50) COLLATE utf8mb4_unicode_ci NOT NULL DEFAULT '',
  `attachment_hash` varchar(40) COLLATE utf8mb4_unicode_ci NOT NULL DEFAULT '',
  `attachment_extension` varchar(20) COLLATE utf8mb4_unicode_ci NOT NULL DEFAULT '',
  `attachment_location` varchar(150) COLLATE utf8mb4_unicode_ci NOT NULL DEFAULT '',
  `attachment_date` int(10) unsigned NOT NULL DEFAULT 0,
  `attachment_size` int(10) unsigned NOT NULL DEFAULT 0,
  `is_temp` char(1) COLLATE utf8mb4_unicode_ci NOT NULL DEFAULT 'y',
  PRIMARY KEY (`attachment_id`)
) ENGINE=InnoDB DEFAULT CHARSET=utf8mb4 COLLATE=utf8mb4_unicode_ci;

CREATE TABLE `expmc_message_copies` (
  `copy_id` int(10) unsigned NOT NULL AUTO_INCREMENT,
  `message_id` int(10) unsigned NOT NULL DEFAULT 0,
  `sender_id` int(10) unsigned NOT NULL DEFAULT 0,
  `recipient_id` int(10) unsigned NOT NULL DEFAULT 0,
  `message_received` char(1) COLLATE utf8mb4_unicode_ci NOT NULL DEFAULT 'n',
  `message_read` char(1) COLLATE utf8mb4_unicode_ci NOT NULL DEFAULT 'n',
  `message_time_read` int(10) unsigned NOT NULL DEFAULT 0,
  `attachment_downloaded` char(1) COLLATE utf8mb4_unicode_ci NOT NULL DEFAULT 'n',
  `message_folder` int(10) unsigned NOT NULL DEFAULT 1,
  `message_authcode` varchar(10) COLLATE utf8mb4_unicode_ci NOT NULL DEFAULT '',
  `message_deleted` char(1) COLLATE utf8mb4_unicode_ci NOT NULL DEFAULT 'n',
  `message_status` varchar(10) COLLATE utf8mb4_unicode_ci NOT NULL DEFAULT '',
  PRIMARY KEY (`copy_id`),
  KEY `message_id` (`message_id`),
  KEY `recipient_id` (`recipient_id`),
  KEY `sender_id` (`sender_id`)
) ENGINE=InnoDB DEFAULT CHARSET=utf8mb4 COLLATE=utf8mb4_unicode_ci;

CREATE TABLE `expmc_message_data` (
  `message_id` int(10) unsigned NOT NULL AUTO_INCREMENT,
  `sender_id` int(10) unsigned NOT NULL DEFAULT 0,
  `message_date` int(10) unsigned NOT NULL DEFAULT 0,
  `message_subject` varchar(255) COLLATE utf8mb4_unicode_ci NOT NULL DEFAULT '',
  `message_body` text COLLATE utf8mb4_unicode_ci NOT NULL,
  `message_tracking` char(1) COLLATE utf8mb4_unicode_ci NOT NULL DEFAULT 'y',
  `message_attachments` char(1) COLLATE utf8mb4_unicode_ci NOT NULL DEFAULT 'n',
  `message_recipients` varchar(200) COLLATE utf8mb4_unicode_ci NOT NULL DEFAULT '',
  `message_cc` varchar(200) COLLATE utf8mb4_unicode_ci NOT NULL DEFAULT '',
  `message_hide_cc` char(1) COLLATE utf8mb4_unicode_ci NOT NULL DEFAULT 'n',
  `message_sent_copy` char(1) COLLATE utf8mb4_unicode_ci NOT NULL DEFAULT 'n',
  `total_recipients` int(5) unsigned NOT NULL DEFAULT 0,
  `message_status` varchar(25) COLLATE utf8mb4_unicode_ci NOT NULL DEFAULT '',
  PRIMARY KEY (`message_id`),
  KEY `sender_id` (`sender_id`)
) ENGINE=InnoDB DEFAULT CHARSET=utf8mb4 COLLATE=utf8mb4_unicode_ci;

CREATE TABLE `expmc_message_folders` (
  `member_id` int(10) unsigned NOT NULL DEFAULT 0,
  `folder1_name` varchar(50) COLLATE utf8mb4_unicode_ci NOT NULL DEFAULT 'InBox',
  `folder2_name` varchar(50) COLLATE utf8mb4_unicode_ci NOT NULL DEFAULT 'Sent',
  `folder3_name` varchar(50) COLLATE utf8mb4_unicode_ci NOT NULL DEFAULT '',
  `folder4_name` varchar(50) COLLATE utf8mb4_unicode_ci NOT NULL DEFAULT '',
  `folder5_name` varchar(50) COLLATE utf8mb4_unicode_ci NOT NULL DEFAULT '',
  `folder6_name` varchar(50) COLLATE utf8mb4_unicode_ci NOT NULL DEFAULT '',
  `folder7_name` varchar(50) COLLATE utf8mb4_unicode_ci NOT NULL DEFAULT '',
  `folder8_name` varchar(50) COLLATE utf8mb4_unicode_ci NOT NULL DEFAULT '',
  `folder9_name` varchar(50) COLLATE utf8mb4_unicode_ci NOT NULL DEFAULT '',
  `folder10_name` varchar(50) COLLATE utf8mb4_unicode_ci NOT NULL DEFAULT '',
  PRIMARY KEY (`member_id`)
) ENGINE=InnoDB DEFAULT CHARSET=utf8mb4 COLLATE=utf8mb4_unicode_ci;

CREATE TABLE `expmc_message_listed` (
  `listed_id` int(10) unsigned NOT NULL AUTO_INCREMENT,
  `member_id` int(10) unsigned NOT NULL DEFAULT 0,
  `listed_member` int(10) unsigned NOT NULL DEFAULT 0,
  `listed_description` varchar(100) COLLATE utf8mb4_unicode_ci NOT NULL DEFAULT '',
  `listed_type` varchar(10) COLLATE utf8mb4_unicode_ci NOT NULL DEFAULT 'blocked',
  PRIMARY KEY (`listed_id`)
) ENGINE=InnoDB DEFAULT CHARSET=utf8mb4 COLLATE=utf8mb4_unicode_ci;

CREATE TABLE `expmc_migrations` (
  `migration_id` int(10) unsigned NOT NULL AUTO_INCREMENT,
  `migration` text COLLATE utf8mb4_unicode_ci DEFAULT NULL,
  `migration_location` text COLLATE utf8mb4_unicode_ci DEFAULT NULL,
  `migration_group` int(10) unsigned DEFAULT NULL,
  `migration_run_date` datetime NOT NULL,
  PRIMARY KEY (`migration_id`)
) ENGINE=InnoDB DEFAULT CHARSET=utf8mb4 COLLATE=utf8mb4_unicode_ci;

CREATE TABLE `expmc_module_member_roles` (
  `role_id` int(10) unsigned NOT NULL,
  `module_id` mediumint(5) unsigned NOT NULL,
  PRIMARY KEY (`role_id`,`module_id`)
) ENGINE=InnoDB DEFAULT CHARSET=utf8mb4 COLLATE=utf8mb4_unicode_ci;

CREATE TABLE `expmc_modules` (
  `module_id` int(4) unsigned NOT NULL AUTO_INCREMENT,
  `module_name` varchar(50) COLLATE utf8mb4_unicode_ci NOT NULL,
  `module_version` varchar(12) COLLATE utf8mb4_unicode_ci NOT NULL,
  `has_cp_backend` char(1) COLLATE utf8mb4_unicode_ci NOT NULL DEFAULT 'n',
  `has_publish_fields` char(1) COLLATE utf8mb4_unicode_ci NOT NULL DEFAULT 'n',
  PRIMARY KEY (`module_id`)
) ENGINE=InnoDB AUTO_INCREMENT=15 DEFAULT CHARSET=utf8mb4 COLLATE=utf8mb4_unicode_ci;

CREATE TABLE `expmc_online_users` (
  `online_id` int(10) unsigned NOT NULL AUTO_INCREMENT,
  `site_id` int(4) unsigned NOT NULL DEFAULT 1,
  `member_id` int(10) NOT NULL DEFAULT 0,
  `in_forum` char(1) COLLATE utf8mb4_unicode_ci NOT NULL DEFAULT 'n',
  `name` varchar(75) COLLATE utf8mb4_unicode_ci NOT NULL DEFAULT '0',
  `ip_address` varchar(45) COLLATE utf8mb4_unicode_ci NOT NULL DEFAULT '0',
  `date` int(10) unsigned NOT NULL DEFAULT 0,
  `anon` char(1) COLLATE utf8mb4_unicode_ci NOT NULL,
  PRIMARY KEY (`online_id`),
  KEY `date` (`date`),
  KEY `site_id` (`site_id`)
) ENGINE=InnoDB DEFAULT CHARSET=utf8mb4 COLLATE=utf8mb4_unicode_ci;

CREATE TABLE `expmc_password_lockout` (
  `lockout_id` int(10) unsigned NOT NULL AUTO_INCREMENT,
  `login_date` int(10) unsigned NOT NULL,
  `ip_address` varchar(45) COLLATE utf8mb4_unicode_ci NOT NULL DEFAULT '0',
  `user_agent` varchar(120) COLLATE utf8mb4_unicode_ci NOT NULL,
  `username` varchar(75) COLLATE utf8mb4_unicode_ci NOT NULL,
  PRIMARY KEY (`lockout_id`),
  KEY `login_date` (`login_date`),
  KEY `ip_address` (`ip_address`),
  KEY `user_agent` (`user_agent`)
) ENGINE=InnoDB AUTO_INCREMENT=5 DEFAULT CHARSET=utf8mb4 COLLATE=utf8mb4_unicode_ci;

CREATE TABLE `expmc_permissions` (
  `permission_id` int(10) unsigned NOT NULL AUTO_INCREMENT,
  `role_id` int(10) unsigned NOT NULL,
  `site_id` int(5) unsigned NOT NULL,
  `permission` varchar(64) COLLATE utf8mb4_unicode_ci NOT NULL,
  PRIMARY KEY (`permission_id`),
  KEY `role_id_site_id` (`role_id`,`site_id`)
) ENGINE=InnoDB AUTO_INCREMENT=102 DEFAULT CHARSET=utf8mb4 COLLATE=utf8mb4_unicode_ci;

CREATE TABLE `expmc_plugins` (
  `plugin_id` int(10) unsigned NOT NULL AUTO_INCREMENT,
  `plugin_name` varchar(50) COLLATE utf8mb4_unicode_ci NOT NULL,
  `plugin_package` varchar(50) COLLATE utf8mb4_unicode_ci NOT NULL,
  `plugin_version` varchar(12) COLLATE utf8mb4_unicode_ci NOT NULL,
  `is_typography_related` char(1) COLLATE utf8mb4_unicode_ci NOT NULL DEFAULT 'n',
  PRIMARY KEY (`plugin_id`)
) ENGINE=InnoDB DEFAULT CHARSET=utf8mb4 COLLATE=utf8mb4_unicode_ci;

CREATE TABLE `expmc_prolets` (
  `prolet_id` int(10) unsigned NOT NULL AUTO_INCREMENT,
  `source` varchar(100) COLLATE utf8mb4_unicode_ci DEFAULT NULL,
  `class` varchar(255) COLLATE utf8mb4_unicode_ci NOT NULL,
  PRIMARY KEY (`prolet_id`)
) ENGINE=InnoDB AUTO_INCREMENT=4 DEFAULT CHARSET=utf8mb4 COLLATE=utf8mb4_unicode_ci;

CREATE TABLE `expmc_relationships` (
  `relationship_id` int(6) unsigned NOT NULL AUTO_INCREMENT,
  `parent_id` int(10) unsigned NOT NULL DEFAULT 0,
  `child_id` int(10) unsigned NOT NULL DEFAULT 0,
  `field_id` int(10) unsigned NOT NULL DEFAULT 0,
  `fluid_field_data_id` int(10) unsigned NOT NULL DEFAULT 0,
  `grid_field_id` int(10) unsigned NOT NULL DEFAULT 0,
  `grid_col_id` int(10) unsigned NOT NULL DEFAULT 0,
  `grid_row_id` int(10) unsigned NOT NULL DEFAULT 0,
  `order` int(10) unsigned NOT NULL DEFAULT 0,
  PRIMARY KEY (`relationship_id`),
  KEY `parent_id` (`parent_id`),
  KEY `child_id` (`child_id`),
  KEY `field_id` (`field_id`),
  KEY `fluid_field_data_id` (`fluid_field_data_id`),
  KEY `grid_row_id` (`grid_row_id`)
) ENGINE=InnoDB DEFAULT CHARSET=utf8mb4 COLLATE=utf8mb4_unicode_ci;

CREATE TABLE `expmc_remember_me` (
  `remember_me_id` varchar(40) COLLATE utf8mb4_unicode_ci NOT NULL DEFAULT '0',
  `member_id` int(10) DEFAULT 0,
  `ip_address` varchar(45) COLLATE utf8mb4_unicode_ci DEFAULT '0',
  `user_agent` varchar(120) COLLATE utf8mb4_unicode_ci DEFAULT '',
  `admin_sess` tinyint(1) DEFAULT 0,
  `site_id` int(4) DEFAULT 1,
  `expiration` int(10) DEFAULT 0,
  `last_refresh` int(10) DEFAULT 0,
  PRIMARY KEY (`remember_me_id`),
  KEY `member_id` (`member_id`)
) ENGINE=InnoDB DEFAULT CHARSET=utf8mb4 COLLATE=utf8mb4_unicode_ci;

CREATE TABLE `expmc_reset_password` (
  `reset_id` int(10) unsigned NOT NULL AUTO_INCREMENT,
  `member_id` int(10) unsigned NOT NULL,
  `resetcode` varchar(12) COLLATE utf8mb4_unicode_ci NOT NULL,
  `date` int(10) NOT NULL,
  PRIMARY KEY (`reset_id`)
) ENGINE=InnoDB DEFAULT CHARSET=utf8mb4 COLLATE=utf8mb4_unicode_ci;

CREATE TABLE `expmc_revision_tracker` (
  `tracker_id` int(10) unsigned NOT NULL AUTO_INCREMENT,
  `item_id` int(10) unsigned NOT NULL,
  `item_table` varchar(50) COLLATE utf8mb4_unicode_ci NOT NULL,
  `item_field` varchar(32) COLLATE utf8mb4_unicode_ci NOT NULL,
  `item_date` int(10) NOT NULL,
  `item_author_id` int(10) unsigned NOT NULL,
  `item_data` mediumtext COLLATE utf8mb4_unicode_ci NOT NULL,
  PRIMARY KEY (`tracker_id`),
  KEY `item_id` (`item_id`)
) ENGINE=InnoDB DEFAULT CHARSET=utf8mb4 COLLATE=utf8mb4_unicode_ci;

CREATE TABLE `expmc_role_groups` (
  `group_id` int(10) unsigned NOT NULL AUTO_INCREMENT,
  `name` varchar(100) COLLATE utf8mb4_unicode_ci NOT NULL,
  PRIMARY KEY (`group_id`)
) ENGINE=InnoDB DEFAULT CHARSET=utf8mb4 COLLATE=utf8mb4_unicode_ci;

CREATE TABLE `expmc_role_settings` (
  `id` int(10) unsigned NOT NULL AUTO_INCREMENT,
  `role_id` int(10) unsigned NOT NULL,
  `site_id` int(4) unsigned NOT NULL DEFAULT 1,
  `menu_set_id` int(5) unsigned NOT NULL DEFAULT 1,
  `mbr_delete_notify_emails` varchar(255) COLLATE utf8mb4_unicode_ci DEFAULT NULL,
  `exclude_from_moderation` char(1) COLLATE utf8mb4_unicode_ci NOT NULL DEFAULT 'n',
  `search_flood_control` mediumint(5) unsigned NOT NULL,
  `prv_msg_send_limit` smallint(5) unsigned NOT NULL DEFAULT 20,
  `prv_msg_storage_limit` smallint(5) unsigned NOT NULL DEFAULT 60,
  `include_in_authorlist` char(1) COLLATE utf8mb4_unicode_ci NOT NULL DEFAULT 'n',
  `include_in_memberlist` char(1) COLLATE utf8mb4_unicode_ci NOT NULL DEFAULT 'y',
  `cp_homepage` varchar(20) COLLATE utf8mb4_unicode_ci DEFAULT NULL,
  `cp_homepage_channel` int(10) unsigned NOT NULL DEFAULT 0,
  `cp_homepage_custom` varchar(100) COLLATE utf8mb4_unicode_ci DEFAULT NULL,
  `require_mfa` char(1) COLLATE utf8mb4_unicode_ci NOT NULL DEFAULT 'n',
  `show_field_names` char(1) COLLATE utf8mb4_unicode_ci NOT NULL DEFAULT 'y',
  PRIMARY KEY (`id`),
  KEY `role_id_site_id` (`role_id`,`site_id`)
) ENGINE=InnoDB AUTO_INCREMENT=7 DEFAULT CHARSET=utf8mb4 COLLATE=utf8mb4_unicode_ci;

CREATE TABLE `expmc_roles` (
  `role_id` int(10) unsigned NOT NULL AUTO_INCREMENT,
  `name` varchar(100) COLLATE utf8mb4_unicode_ci NOT NULL,
  `short_name` varchar(50) COLLATE utf8mb4_unicode_ci NOT NULL,
  `description` text COLLATE utf8mb4_unicode_ci DEFAULT NULL,
  `site_color` varchar(6) COLLATE utf8mb4_unicode_ci NOT NULL DEFAULT '',
  `total_members` mediumint(8) unsigned NOT NULL DEFAULT 0,
  `is_locked` char(1) COLLATE utf8mb4_unicode_ci NOT NULL DEFAULT 'n',
  `highlight` varchar(6) COLLATE utf8mb4_unicode_ci NOT NULL DEFAULT '',
  PRIMARY KEY (`role_id`)
) ENGINE=InnoDB AUTO_INCREMENT=7 DEFAULT CHARSET=utf8mb4 COLLATE=utf8mb4_unicode_ci;

CREATE TABLE `expmc_roles_role_groups` (
  `role_id` int(10) unsigned NOT NULL,
  `group_id` int(10) unsigned NOT NULL,
  PRIMARY KEY (`role_id`,`group_id`),
  KEY `group_id_idx` (`group_id`)
) ENGINE=InnoDB DEFAULT CHARSET=utf8mb4 COLLATE=utf8mb4_unicode_ci;

CREATE TABLE `expmc_rte_toolsets` (
  `toolset_id` int(6) unsigned NOT NULL AUTO_INCREMENT,
  `toolset_name` varchar(32) COLLATE utf8mb4_unicode_ci DEFAULT NULL,
  `toolset_type` varchar(32) COLLATE utf8mb4_unicode_ci DEFAULT NULL,
  `settings` text COLLATE utf8mb4_unicode_ci DEFAULT NULL,
  PRIMARY KEY (`toolset_id`)
) ENGINE=InnoDB AUTO_INCREMENT=5 DEFAULT CHARSET=utf8mb4 COLLATE=utf8mb4_unicode_ci;

CREATE TABLE `expmc_search` (
  `search_id` varchar(32) COLLATE utf8mb4_unicode_ci NOT NULL,
  `site_id` int(4) NOT NULL DEFAULT 1,
  `search_date` int(10) NOT NULL,
  `keywords` varchar(60) COLLATE utf8mb4_unicode_ci NOT NULL,
  `member_id` int(10) unsigned NOT NULL,
  `ip_address` varchar(45) COLLATE utf8mb4_unicode_ci NOT NULL,
  `total_results` int(6) NOT NULL,
  `per_page` tinyint(3) unsigned NOT NULL,
  `query` mediumtext COLLATE utf8mb4_unicode_ci DEFAULT NULL,
  `custom_fields` mediumtext COLLATE utf8mb4_unicode_ci DEFAULT NULL,
  `result_page` varchar(70) COLLATE utf8mb4_unicode_ci NOT NULL,
  `no_result_page` varchar(70) COLLATE utf8mb4_unicode_ci DEFAULT NULL,
  PRIMARY KEY (`search_id`),
  KEY `site_id` (`site_id`)
) ENGINE=InnoDB DEFAULT CHARSET=utf8mb4 COLLATE=utf8mb4_unicode_ci;

CREATE TABLE `expmc_search_log` (
  `id` int(10) NOT NULL AUTO_INCREMENT,
  `site_id` int(4) unsigned NOT NULL DEFAULT 1,
  `member_id` int(10) unsigned NOT NULL,
  `screen_name` varchar(50) COLLATE utf8mb4_unicode_ci NOT NULL,
  `ip_address` varchar(45) COLLATE utf8mb4_unicode_ci NOT NULL DEFAULT '0',
  `search_date` int(10) NOT NULL,
  `search_type` varchar(32) COLLATE utf8mb4_unicode_ci NOT NULL,
  `search_terms` varchar(200) COLLATE utf8mb4_unicode_ci NOT NULL,
  PRIMARY KEY (`id`),
  KEY `site_id` (`site_id`)
) ENGINE=InnoDB DEFAULT CHARSET=utf8mb4 COLLATE=utf8mb4_unicode_ci;

CREATE TABLE `expmc_security_hashes` (
  `hash_id` int(10) unsigned NOT NULL AUTO_INCREMENT,
  `date` int(10) unsigned NOT NULL,
  `session_id` varchar(40) COLLATE utf8mb4_unicode_ci NOT NULL DEFAULT '0',
  `hash` varchar(40) COLLATE utf8mb4_unicode_ci NOT NULL,
  PRIMARY KEY (`hash_id`),
  KEY `session_id` (`session_id`)
) ENGINE=InnoDB AUTO_INCREMENT=17 DEFAULT CHARSET=utf8mb4 COLLATE=utf8mb4_unicode_ci;

CREATE TABLE `expmc_sessions` (
  `session_id` varchar(40) COLLATE utf8mb4_unicode_ci NOT NULL DEFAULT '0',
  `member_id` int(10) NOT NULL DEFAULT 0,
  `admin_sess` tinyint(1) NOT NULL DEFAULT 0,
  `ip_address` varchar(45) COLLATE utf8mb4_unicode_ci NOT NULL DEFAULT '0',
  `user_agent` varchar(120) COLLATE utf8mb4_unicode_ci NOT NULL,
  `login_state` varchar(32) COLLATE utf8mb4_unicode_ci DEFAULT NULL,
  `fingerprint` varchar(40) COLLATE utf8mb4_unicode_ci NOT NULL,
  `sess_start` int(10) unsigned NOT NULL DEFAULT 0,
  `auth_timeout` int(10) unsigned NOT NULL DEFAULT 0,
  `last_activity` int(10) unsigned NOT NULL DEFAULT 0,
  `can_debug` char(1) COLLATE utf8mb4_unicode_ci NOT NULL DEFAULT 'n',
  `mfa_flag` enum('skip','show','required') COLLATE utf8mb4_unicode_ci NOT NULL DEFAULT 'skip',
  `pro_banner_seen` char(1) COLLATE utf8mb4_unicode_ci NOT NULL DEFAULT 'n',
  PRIMARY KEY (`session_id`),
  KEY `member_id` (`member_id`),
  KEY `last_activity_idx` (`last_activity`)
) ENGINE=InnoDB DEFAULT CHARSET=utf8mb4 COLLATE=utf8mb4_unicode_ci;

CREATE TABLE `expmc_sites` (
  `site_id` int(5) unsigned NOT NULL AUTO_INCREMENT,
  `site_label` varchar(100) COLLATE utf8mb4_unicode_ci NOT NULL DEFAULT '',
  `site_name` varchar(50) COLLATE utf8mb4_unicode_ci NOT NULL DEFAULT '',
  `site_description` text COLLATE utf8mb4_unicode_ci DEFAULT NULL,
  `site_color` varchar(6) COLLATE utf8mb4_unicode_ci NOT NULL DEFAULT '',
  `site_bootstrap_checksums` text COLLATE utf8mb4_unicode_ci NOT NULL,
  `site_pages` mediumtext COLLATE utf8mb4_unicode_ci NOT NULL,
  PRIMARY KEY (`site_id`),
  KEY `site_name` (`site_name`)
) ENGINE=InnoDB AUTO_INCREMENT=2 DEFAULT CHARSET=utf8mb4 COLLATE=utf8mb4_unicode_ci;

CREATE TABLE `expmc_snippets` (
  `snippet_id` int(10) unsigned NOT NULL AUTO_INCREMENT,
  `site_id` int(4) NOT NULL,
  `snippet_name` varchar(75) COLLATE utf8mb4_unicode_ci NOT NULL,
  `snippet_contents` text COLLATE utf8mb4_unicode_ci DEFAULT NULL,
  `edit_date` int(10) NOT NULL DEFAULT 0,
  PRIMARY KEY (`snippet_id`),
  KEY `site_id` (`site_id`)
) ENGINE=InnoDB AUTO_INCREMENT=8 DEFAULT CHARSET=utf8mb4 COLLATE=utf8mb4_unicode_ci;

CREATE TABLE `expmc_specialty_templates` (
  `template_id` int(6) unsigned NOT NULL AUTO_INCREMENT,
  `site_id` int(4) unsigned NOT NULL DEFAULT 1,
  `enable_template` char(1) COLLATE utf8mb4_unicode_ci NOT NULL DEFAULT 'y',
  `template_name` varchar(50) COLLATE utf8mb4_unicode_ci NOT NULL,
  `data_title` varchar(80) COLLATE utf8mb4_unicode_ci NOT NULL,
  `template_type` varchar(16) COLLATE utf8mb4_unicode_ci DEFAULT NULL,
  `template_subtype` varchar(16) COLLATE utf8mb4_unicode_ci DEFAULT NULL,
  `template_data` text COLLATE utf8mb4_unicode_ci NOT NULL,
  `template_notes` text COLLATE utf8mb4_unicode_ci DEFAULT NULL,
  `edit_date` int(10) NOT NULL DEFAULT 0,
  `last_author_id` int(10) unsigned NOT NULL DEFAULT 0,
  PRIMARY KEY (`template_id`),
  KEY `template_name` (`template_name`),
  KEY `site_id` (`site_id`)
) ENGINE=InnoDB AUTO_INCREMENT=19 DEFAULT CHARSET=utf8mb4 COLLATE=utf8mb4_unicode_ci;

CREATE TABLE `expmc_stats` (
  `stat_id` int(10) unsigned NOT NULL AUTO_INCREMENT,
  `site_id` int(4) unsigned NOT NULL DEFAULT 1,
  `total_members` mediumint(7) NOT NULL DEFAULT 0,
  `recent_member_id` int(10) NOT NULL DEFAULT 0,
  `recent_member` varchar(75) COLLATE utf8mb4_unicode_ci NOT NULL,
  `total_entries` mediumint(8) NOT NULL DEFAULT 0,
  `total_forum_topics` mediumint(8) NOT NULL DEFAULT 0,
  `total_forum_posts` mediumint(8) NOT NULL DEFAULT 0,
  `total_comments` mediumint(8) NOT NULL DEFAULT 0,
  `last_entry_date` int(10) unsigned NOT NULL DEFAULT 0,
  `last_forum_post_date` int(10) unsigned NOT NULL DEFAULT 0,
  `last_comment_date` int(10) unsigned NOT NULL DEFAULT 0,
  `last_visitor_date` int(10) unsigned NOT NULL DEFAULT 0,
  `most_visitors` mediumint(7) NOT NULL DEFAULT 0,
  `most_visitor_date` int(10) unsigned NOT NULL DEFAULT 0,
  `last_cache_clear` int(10) unsigned NOT NULL DEFAULT 0,
  PRIMARY KEY (`stat_id`),
  KEY `site_id` (`site_id`)
) ENGINE=InnoDB AUTO_INCREMENT=2 DEFAULT CHARSET=utf8mb4 COLLATE=utf8mb4_unicode_ci;

CREATE TABLE `expmc_statuses` (
  `status_id` int(6) unsigned NOT NULL AUTO_INCREMENT,
  `status` varchar(50) COLLATE utf8mb4_unicode_ci NOT NULL,
  `status_order` int(3) unsigned NOT NULL,
  `highlight` varchar(30) COLLATE utf8mb4_unicode_ci NOT NULL DEFAULT '000000',
  PRIMARY KEY (`status_id`)
) ENGINE=InnoDB AUTO_INCREMENT=4 DEFAULT CHARSET=utf8mb4 COLLATE=utf8mb4_unicode_ci;

CREATE TABLE `expmc_statuses_roles` (
  `role_id` int(10) unsigned NOT NULL,
  `status_id` int(6) unsigned NOT NULL,
  PRIMARY KEY (`status_id`,`role_id`)
) ENGINE=InnoDB DEFAULT CHARSET=utf8mb4 COLLATE=utf8mb4_unicode_ci;

CREATE TABLE `expmc_structure` (
  `site_id` int(4) unsigned NOT NULL DEFAULT 1,
  `entry_id` int(10) unsigned NOT NULL DEFAULT 0,
  `parent_id` int(10) unsigned NOT NULL DEFAULT 0,
  `channel_id` int(6) unsigned NOT NULL DEFAULT 0,
  `listing_cid` int(6) unsigned NOT NULL DEFAULT 0,
  `lft` smallint(5) unsigned NOT NULL DEFAULT 0,
  `rgt` smallint(5) unsigned NOT NULL DEFAULT 0,
  `dead` varchar(100) COLLATE utf8mb4_unicode_ci NOT NULL,
  `hidden` char(1) COLLATE utf8mb4_unicode_ci NOT NULL DEFAULT 'n',
  `structure_url_title` varchar(200) COLLATE utf8mb4_unicode_ci DEFAULT NULL,
  `template_id` int(10) unsigned NOT NULL DEFAULT 0,
  `updated` datetime DEFAULT NULL,
  PRIMARY KEY (`entry_id`)
) ENGINE=InnoDB DEFAULT CHARSET=utf8mb4 COLLATE=utf8mb4_unicode_ci;

CREATE TABLE `expmc_structure_channels` (
  `site_id` smallint(5) unsigned NOT NULL,
  `channel_id` mediumint(8) unsigned NOT NULL,
  `template_id` int(10) unsigned NOT NULL,
  `type` enum('page','listing','asset','unmanaged') COLLATE utf8mb4_unicode_ci NOT NULL DEFAULT 'unmanaged',
  `split_assets` enum('y','n') COLLATE utf8mb4_unicode_ci NOT NULL DEFAULT 'n',
  `show_in_page_selector` char(1) COLLATE utf8mb4_unicode_ci NOT NULL DEFAULT 'y',
  PRIMARY KEY (`site_id`,`channel_id`)
) ENGINE=InnoDB DEFAULT CHARSET=utf8mb4 COLLATE=utf8mb4_unicode_ci;

CREATE TABLE `expmc_structure_listings` (
  `site_id` int(4) unsigned NOT NULL DEFAULT 1,
  `entry_id` int(10) unsigned NOT NULL DEFAULT 0,
  `parent_id` int(10) unsigned NOT NULL DEFAULT 0,
  `channel_id` int(6) unsigned NOT NULL DEFAULT 0,
  `template_id` int(6) unsigned NOT NULL DEFAULT 0,
  `uri` varchar(200) COLLATE utf8mb4_unicode_ci NOT NULL,
  PRIMARY KEY (`entry_id`)
) ENGINE=InnoDB DEFAULT CHARSET=utf8mb4 COLLATE=utf8mb4_unicode_ci;

CREATE TABLE `expmc_structure_members` (
  `member_id` int(10) unsigned NOT NULL DEFAULT 0,
  `site_id` int(4) unsigned NOT NULL DEFAULT 1,
  `nav_state` text COLLATE utf8mb4_unicode_ci NOT NULL,
  PRIMARY KEY (`site_id`,`member_id`)
) ENGINE=InnoDB DEFAULT CHARSET=utf8mb4 COLLATE=utf8mb4_unicode_ci;

CREATE TABLE `expmc_structure_nav_history` (
  `id` int(10) unsigned NOT NULL AUTO_INCREMENT,
  `site_id` smallint(5) unsigned NOT NULL,
  `site_pages` longtext COLLATE utf8mb4_unicode_ci DEFAULT NULL,
  `structure` longtext COLLATE utf8mb4_unicode_ci DEFAULT NULL,
  `note` text COLLATE utf8mb4_unicode_ci DEFAULT NULL,
  `structure_version` varchar(11) COLLATE utf8mb4_unicode_ci NOT NULL,
  `date` datetime NOT NULL,
  `current` smallint(5) unsigned NOT NULL DEFAULT 0,
  `restored_date` datetime DEFAULT NULL,
  PRIMARY KEY (`id`,`site_id`)
) ENGINE=InnoDB AUTO_INCREMENT=16 DEFAULT CHARSET=utf8mb4 COLLATE=utf8mb4_unicode_ci;

CREATE TABLE `expmc_structure_settings` (
  `id` int(10) unsigned NOT NULL AUTO_INCREMENT,
  `site_id` int(8) unsigned NOT NULL DEFAULT 1,
  `var` varchar(60) COLLATE utf8mb4_unicode_ci NOT NULL,
  `var_value` varchar(100) COLLATE utf8mb4_unicode_ci NOT NULL,
  PRIMARY KEY (`id`)
) ENGINE=InnoDB AUTO_INCREMENT=10 DEFAULT CHARSET=utf8mb4 COLLATE=utf8mb4_unicode_ci;

CREATE TABLE `expmc_template_groups` (
  `group_id` int(6) unsigned NOT NULL AUTO_INCREMENT,
  `site_id` int(4) unsigned NOT NULL DEFAULT 1,
  `group_name` varchar(50) COLLATE utf8mb4_unicode_ci NOT NULL,
  `group_order` int(3) unsigned NOT NULL,
  `is_site_default` char(1) COLLATE utf8mb4_unicode_ci NOT NULL DEFAULT 'n',
  PRIMARY KEY (`group_id`),
  KEY `site_id` (`site_id`),
  KEY `group_name_idx` (`group_name`),
  KEY `group_order_idx` (`group_order`)
) ENGINE=InnoDB AUTO_INCREMENT=12 DEFAULT CHARSET=utf8mb4 COLLATE=utf8mb4_unicode_ci;

CREATE TABLE `expmc_template_groups_roles` (
  `role_id` int(10) unsigned NOT NULL,
  `template_group_id` mediumint(5) unsigned NOT NULL,
  PRIMARY KEY (`role_id`,`template_group_id`)
) ENGINE=InnoDB DEFAULT CHARSET=utf8mb4 COLLATE=utf8mb4_unicode_ci;

CREATE TABLE `expmc_template_routes` (
  `route_id` int(10) unsigned NOT NULL AUTO_INCREMENT,
  `template_id` int(10) unsigned NOT NULL,
  `order` int(10) unsigned DEFAULT NULL,
  `route` varchar(512) COLLATE utf8mb4_unicode_ci DEFAULT NULL,
  `route_parsed` varchar(512) COLLATE utf8mb4_unicode_ci DEFAULT NULL,
  `route_required` char(1) COLLATE utf8mb4_unicode_ci NOT NULL DEFAULT 'n',
  PRIMARY KEY (`route_id`),
  KEY `template_id` (`template_id`)
) ENGINE=InnoDB DEFAULT CHARSET=utf8mb4 COLLATE=utf8mb4_unicode_ci;

CREATE TABLE `expmc_templates` (
  `template_id` int(10) unsigned NOT NULL AUTO_INCREMENT,
  `site_id` int(4) unsigned NOT NULL DEFAULT 1,
  `group_id` int(6) unsigned NOT NULL,
  `template_name` varchar(50) COLLATE utf8mb4_unicode_ci NOT NULL,
  `template_type` varchar(16) COLLATE utf8mb4_unicode_ci NOT NULL DEFAULT 'webpage',
  `template_engine` varchar(24) COLLATE utf8mb4_unicode_ci DEFAULT NULL,
  `template_data` mediumtext COLLATE utf8mb4_unicode_ci DEFAULT NULL,
  `template_notes` text COLLATE utf8mb4_unicode_ci DEFAULT NULL,
  `edit_date` int(10) NOT NULL DEFAULT 0,
  `last_author_id` int(10) unsigned NOT NULL DEFAULT 0,
  `cache` char(1) COLLATE utf8mb4_unicode_ci NOT NULL DEFAULT 'n',
  `refresh` int(6) unsigned NOT NULL DEFAULT 0,
  `no_auth_bounce` varchar(50) COLLATE utf8mb4_unicode_ci NOT NULL DEFAULT '',
  `enable_http_auth` char(1) COLLATE utf8mb4_unicode_ci NOT NULL DEFAULT 'n',
  `allow_php` char(1) COLLATE utf8mb4_unicode_ci NOT NULL DEFAULT 'n',
  `php_parse_location` char(1) COLLATE utf8mb4_unicode_ci NOT NULL DEFAULT 'o',
  `hits` int(10) unsigned NOT NULL DEFAULT 0,
  `protect_javascript` char(1) COLLATE utf8mb4_unicode_ci NOT NULL DEFAULT 'n',
  `enable_frontedit` char(1) COLLATE utf8mb4_unicode_ci NOT NULL DEFAULT 'y',
  PRIMARY KEY (`template_id`),
  KEY `group_id` (`group_id`),
  KEY `template_name` (`template_name`),
  KEY `site_id` (`site_id`)
) ENGINE=InnoDB AUTO_INCREMENT=39 DEFAULT CHARSET=utf8mb4 COLLATE=utf8mb4_unicode_ci;

CREATE TABLE `expmc_templates_roles` (
  `role_id` int(10) unsigned NOT NULL,
  `template_id` int(10) unsigned NOT NULL,
  PRIMARY KEY (`template_id`,`role_id`)
) ENGINE=InnoDB DEFAULT CHARSET=utf8mb4 COLLATE=utf8mb4_unicode_ci;

CREATE TABLE `expmc_throttle` (
  `throttle_id` int(10) unsigned NOT NULL AUTO_INCREMENT,
  `ip_address` varchar(45) COLLATE utf8mb4_unicode_ci NOT NULL DEFAULT '0',
  `last_activity` int(10) unsigned NOT NULL DEFAULT 0,
  `hits` int(10) unsigned NOT NULL,
  `locked_out` char(1) COLLATE utf8mb4_unicode_ci NOT NULL DEFAULT 'n',
  PRIMARY KEY (`throttle_id`),
  KEY `ip_address` (`ip_address`),
  KEY `last_activity` (`last_activity`)
) ENGINE=InnoDB DEFAULT CHARSET=utf8mb4 COLLATE=utf8mb4_unicode_ci;

CREATE TABLE `expmc_update_log` (
  `log_id` int(10) unsigned NOT NULL AUTO_INCREMENT,
  `timestamp` int(10) unsigned DEFAULT NULL,
  `message` text COLLATE utf8mb4_unicode_ci DEFAULT NULL,
  `method` varchar(100) COLLATE utf8mb4_unicode_ci DEFAULT NULL,
  `line` int(10) unsigned DEFAULT NULL,
  `file` varchar(255) COLLATE utf8mb4_unicode_ci DEFAULT NULL,
  PRIMARY KEY (`log_id`)
) ENGINE=InnoDB AUTO_INCREMENT=3 DEFAULT CHARSET=utf8mb4 COLLATE=utf8mb4_unicode_ci;

CREATE TABLE `expmc_upload_prefs` (
  `id` int(4) unsigned NOT NULL AUTO_INCREMENT,
  `site_id` int(4) unsigned NOT NULL DEFAULT 1,
  `name` varchar(50) COLLATE utf8mb4_unicode_ci NOT NULL,
  `adapter` varchar(50) COLLATE utf8mb4_unicode_ci NOT NULL DEFAULT 'local',
  `adapter_settings` text COLLATE utf8mb4_unicode_ci DEFAULT NULL,
  `server_path` varchar(255) COLLATE utf8mb4_unicode_ci NOT NULL DEFAULT '',
  `url` varchar(100) COLLATE utf8mb4_unicode_ci NOT NULL,
  `allowed_types` varchar(100) COLLATE utf8mb4_unicode_ci NOT NULL DEFAULT 'img',
  `allow_subfolders` enum('y','n') COLLATE utf8mb4_unicode_ci NOT NULL DEFAULT 'n',
  `subfolders_on_top` enum('y','n') COLLATE utf8mb4_unicode_ci NOT NULL DEFAULT 'y',
  `default_modal_view` varchar(5) COLLATE utf8mb4_unicode_ci NOT NULL DEFAULT 'list',
  `max_size` varchar(16) COLLATE utf8mb4_unicode_ci DEFAULT NULL,
  `max_height` varchar(6) COLLATE utf8mb4_unicode_ci DEFAULT NULL,
  `max_width` varchar(6) COLLATE utf8mb4_unicode_ci DEFAULT NULL,
  `properties` varchar(120) COLLATE utf8mb4_unicode_ci DEFAULT NULL,
  `pre_format` varchar(120) COLLATE utf8mb4_unicode_ci DEFAULT NULL,
  `post_format` varchar(120) COLLATE utf8mb4_unicode_ci DEFAULT NULL,
  `file_properties` varchar(120) COLLATE utf8mb4_unicode_ci DEFAULT NULL,
  `file_pre_format` varchar(120) COLLATE utf8mb4_unicode_ci DEFAULT NULL,
  `file_post_format` varchar(120) COLLATE utf8mb4_unicode_ci DEFAULT NULL,
  `cat_group` varchar(255) COLLATE utf8mb4_unicode_ci DEFAULT NULL,
  `batch_location` varchar(255) COLLATE utf8mb4_unicode_ci DEFAULT NULL,
  `module_id` int(4) NOT NULL DEFAULT 0,
  PRIMARY KEY (`id`),
  KEY `site_id` (`site_id`)
) ENGINE=InnoDB AUTO_INCREMENT=9 DEFAULT CHARSET=utf8mb4 COLLATE=utf8mb4_unicode_ci;

CREATE TABLE `expmc_upload_prefs_category_groups` (
  `upload_location_id` int(4) unsigned NOT NULL,
  `group_id` int(6) unsigned NOT NULL,
  PRIMARY KEY (`upload_location_id`,`group_id`),
  KEY `group_id` (`group_id`)
) ENGINE=InnoDB DEFAULT CHARSET=utf8mb4 COLLATE=utf8mb4_unicode_ci;

CREATE TABLE `expmc_upload_prefs_roles` (
  `role_id` int(10) unsigned NOT NULL,
  `upload_id` int(4) unsigned NOT NULL,
  PRIMARY KEY (`upload_id`,`role_id`)
) ENGINE=InnoDB DEFAULT CHARSET=utf8mb4 COLLATE=utf8mb4_unicode_ci;

INSERT INTO `expmc_actions` (`action_id`, `class`, `method`, `csrf_exempt`) VALUES 
	(1, 'Channel', 'submit_entry', 0),
	(2, 'Channel', 'smiley_pop', 0),
	(3, 'Channel', 'combo_loader', 0),
	(4, 'Channel', 'live_preview', 1),
	(5, 'Comment', 'insert_new_comment', 0),
	(6, 'Comment_mcp', 'delete_comment_notification', 0),
	(7, 'Comment', 'comment_subscribe', 0),
	(8, 'Comment', 'edit_comment', 0),
	(9, 'Consent', 'grantConsent', 0),
	(10, 'Consent', 'submitConsent', 0),
	(11, 'Consent', 'withdrawConsent', 0),
	(12, 'Member', 'registration_form', 0),
	(13, 'Member', 'register_member', 0),
	(14, 'Member', 'activate_member', 0),
	(15, 'Member', 'member_login', 0),
	(16, 'Member', 'member_logout', 0),
	(17, 'Member', 'send_reset_token', 0),
	(18, 'Member', 'process_reset_password', 0),
	(19, 'Member', 'send_member_email', 0),
	(20, 'Member', 'update_un_pw', 0),
	(21, 'Member', 'do_member_search', 0),
	(22, 'Member', 'member_delete', 0),
	(23, 'Member', 'send_username', 0),
	(24, 'Member', 'update_profile', 0),
	(25, 'Member', 'upload_avatar', 0),
	(26, 'Member', 'recaptcha_check', 1),
	(27, 'Member', 'validate', 0),
	(28, 'Rte', 'pages_autocomplete', 0),
	(29, 'File', 'addonIcon', 1),
	(30, 'Relationship', 'entryList', 0),
	(31, 'Search', 'do_search', 1),
	(32, 'Pro', 'setCookie', 0),
	(33, 'Pro', 'qrCode', 0),
	(34, 'Pro', 'validateMfa', 0),
	(35, 'Pro', 'invokeMfa', 0),
	(36, 'Pro', 'enableMfa', 0),
	(37, 'Pro', 'disableMfa', 0),
	(38, 'Pro', 'resetMfa', 0),
	(39, 'Email', 'send_email', 0),
	(40, 'Structure', 'ajax_move_set_data', 0);

INSERT INTO `expmc_channel_data` (`entry_id`, `site_id`, `channel_id`) VALUES 
	(13, 1, 4),
	(14, 1, 5),
	(15, 1, 6),
	(16, 1, 7),
	(18, 1, 10);

INSERT INTO `expmc_channel_data_field_12` (`id`, `entry_id`, `field_id_12`, `field_ft_12`) VALUES 
	(1, 13, '{file:8:url}', 'none');

INSERT INTO `expmc_channel_data_field_13` (`id`, `entry_id`, `field_id_13`, `field_ft_13`) VALUES 
	(1, 15, '{file:10:url}|Staff Member 1|This is a proof of concept. A short bio would be included on the staff card. ', 'xhtml');

INSERT INTO `expmc_channel_data_field_14` (`id`, `entry_id`, `field_id_14`, `field_ft_14`) VALUES 
	(1, 16, '{file:11:url}|Taekwondo|The Korean art of self defense. ', 'xhtml'),
	(3, 18, '{file:11:url}|Taekwondo|The Korean art of self defense. |{file:12:url}', 'xhtml');

INSERT INTO `expmc_channel_data_field_6` (`id`, `entry_id`, `field_id_6`, `field_ft_6`) VALUES 
	(5, 14, 'No  Limits Martial Arts and Fitness...........', 'xhtml'),
	(6, 16, 'General Statement on Classes', 'xhtml');

INSERT INTO `expmc_channel_entries_autosave` (`entry_id`, `original_entry_id`, `site_id`, `channel_id`, `author_id`, `forum_topic_id`, `ip_address`, `title`, `url_title`, `status`, `versioning_enabled`, `view_count_one`, `view_count_two`, `view_count_three`, `view_count_four`, `allow_comments`, `sticky`, `entry_date`, `year`, `month`, `day`, `expiration_date`, `comment_expiration_date`, `edit_date`, `recent_comment_date`, `comment_total`, `entry_data`) VALUES 
	(9, 0, 1, 6, 1, NULL, '0', 'autosave_1720825271', 'autosave_1720825271', 'open', 'n', 0, 0, 0, 0, 'y', 'n', 0, '0', '0', '0', 0, 0, 1720825271, NULL, 0, '{\"title\":\"\",\"url_title\":\"\",\"field_id_13\":\"\",\"entry_date\":\"7\\/12\\/2024 7:00 PM\",\"expiration_date\":\"\",\"comment_expiration_date\":\"\",\"channel_id\":\"6\",\"status\":\"open\",\"author_id\":\"1\",\"allow_comments\":\"y\",\"structure__uri\":\"\",\"structure__template_id\":\"35\",\"structure__listing_channel\":\"n\"}');

INSERT INTO `expmc_channel_field_groups_fields` (`field_id`, `group_id`) VALUES 
	(4, 2),
	(5, 2),
	(6, 3);

INSERT INTO `expmc_channel_fields` (`field_id`, `site_id`, `field_name`, `field_label`, `field_instructions`, `field_type`, `field_list_items`, `field_pre_populate`, `field_pre_channel_id`, `field_pre_field_id`, `field_ta_rows`, `field_maxl`, `field_required`, `field_text_direction`, `field_search`, `field_is_hidden`, `field_is_conditional`, `field_fmt`, `field_show_fmt`, `field_order`, `field_content_type`, `field_settings`, `legacy_field_data`, `enable_frontedit`) VALUES 
	(4, 0, 'seo_desc', 'SEO Description', 'Page Description for use in HTML meta description tag, generally only seen by machines.', 'textarea', '', 'n', NULL, NULL, 2, NULL, 'n', 'ltr', 'n', 'n', 'n', 'xhtml', 'y', 6, 'any', 'YTo0OntzOjI0OiJmaWVsZF9zaG93X2ZpbGVfc2VsZWN0b3IiO3M6MToibiI7czoxNDoiZGJfY29sdW1uX3R5cGUiO3M6NDoidGV4dCI7czoxODoiZmllbGRfc2hvd19zbWlsZXlzIjtzOjE6Im4iO3M6MjY6ImZpZWxkX3Nob3dfZm9ybWF0dGluZ19idG5zIjtzOjE6Im4iO30=', 'n', 'y'),
	(5, 0, 'seo_title', 'SEO Title', 'Page title that will be added to browser titlebar/tab.', 'text', '', 'n', NULL, NULL, 8, 256, 'n', 'ltr', 'n', 'n', 'n', 'none', 'y', 5, '', 'YTo0OntzOjEwOiJmaWVsZF9tYXhsIjtpOjI1NjtzOjE4OiJmaWVsZF9jb250ZW50X3R5cGUiO3M6MDoiIjtzOjE4OiJmaWVsZF9zaG93X3NtaWxleXMiO3M6MToibiI7czoyNDoiZmllbGRfc2hvd19maWxlX3NlbGVjdG9yIjtzOjE6Im4iO30=', 'n', 'y'),
	(6, 0, 'page_content', 'Page Content', 'Content for this page.', 'textarea', '', 'n', NULL, NULL, 10, NULL, 'n', 'ltr', 'y', 'n', 'n', 'xhtml', 'y', 3, 'any', 'YTo0OntzOjI0OiJmaWVsZF9zaG93X2ZpbGVfc2VsZWN0b3IiO3M6MToibiI7czoxNDoiZGJfY29sdW1uX3R5cGUiO3M6NDoidGV4dCI7czoxODoiZmllbGRfc2hvd19zbWlsZXlzIjtzOjE6Im4iO3M6MjY6ImZpZWxkX3Nob3dfZm9ybWF0dGluZ19idG5zIjtzOjE6Im4iO30=', 'n', 'y'),
	(12, 0, 'homepage_logo', 'Homepage Logo', '', 'file', '', 'n', NULL, NULL, 8, NULL, 'y', 'ltr', 'n', 'n', 'n', 'none', 'y', 12, 'image', 'YTo1OntzOjE4OiJmaWVsZF9jb250ZW50X3R5cGUiO3M6NToiaW1hZ2UiO3M6MTk6ImFsbG93ZWRfZGlyZWN0b3JpZXMiO3M6MzoiYWxsIjtzOjEzOiJzaG93X2V4aXN0aW5nIjtzOjE6InkiO3M6MTI6Im51bV9leGlzdGluZyI7czoyOiI1MCI7czo5OiJmaWVsZF9mbXQiO3M6NDoibm9uZSI7fQ==', 'n', 'y'),
	(13, 0, 'staff_info', 'Staff Info', '', 'file_grid', '', 'n', NULL, NULL, 8, NULL, 'y', 'ltr', 'y', 'n', 'n', 'xhtml', 'y', 5, 'image', 'YTo2OntzOjEzOiJncmlkX21pbl9yb3dzIjtpOjA7czoxMzoiZ3JpZF9tYXhfcm93cyI7czowOiIiO3M6MTM6ImFsbG93X3Jlb3JkZXIiO3M6MToieSI7czoxNToidmVydGljYWxfbGF5b3V0IjtzOjEwOiJob3Jpem9udGFsIjtzOjE4OiJmaWVsZF9jb250ZW50X3R5cGUiO3M6NToiaW1hZ2UiO3M6MTk6ImFsbG93ZWRfZGlyZWN0b3JpZXMiO3M6MzoiYWxsIjt9', 'n', 'y'),
	(14, 0, 'class_info', 'Class Info', '', 'file_grid', '', 'n', NULL, NULL, 8, NULL, 'y', 'ltr', 'y', 'n', 'n', 'xhtml', 'y', 6, 'image', 'YTo2OntzOjEzOiJncmlkX21pbl9yb3dzIjtpOjA7czoxMzoiZ3JpZF9tYXhfcm93cyI7czowOiIiO3M6MTM6ImFsbG93X3Jlb3JkZXIiO3M6MToieSI7czoxNToidmVydGljYWxfbGF5b3V0IjtzOjE6InkiO3M6MTg6ImZpZWxkX2NvbnRlbnRfdHlwZSI7czo1OiJpbWFnZSI7czoxOToiYWxsb3dlZF9kaXJlY3RvcmllcyI7czozOiJhbGwiO30=', 'n', 'y'),
	(15, 0, 'staff_docs', 'Staff Docs', '', 'file', '', 'n', NULL, NULL, 8, NULL, 'y', 'ltr', 'n', 'n', 'n', 'none', 'y', 7, 'all', 'YTo1OntzOjE4OiJmaWVsZF9jb250ZW50X3R5cGUiO3M6MzoiYWxsIjtzOjE5OiJhbGxvd2VkX2RpcmVjdG9yaWVzIjtzOjM6ImFsbCI7czoxMzoic2hvd19leGlzdGluZyI7czoxOiJ5IjtzOjEyOiJudW1fZXhpc3RpbmciO3M6MjoiNTAiO3M6OToiZmllbGRfZm10IjtzOjQ6Im5vbmUiO30=', 'n', 'y'),
	(16, 0, 'branch', 'Branch', '', 'multi_select', 'Main\nReynolds\nNeighborhood', 'n', NULL, NULL, 8, NULL, 'n', 'ltr', 'y', 'n', 'n', 'none', 'y', 8, 'any', 'YToxOntzOjE3OiJ2YWx1ZV9sYWJlbF9wYWlycyI7YTowOnt9fQ==', 'n', 'y');

INSERT INTO `expmc_channel_form_settings` (`channel_form_settings_id`, `site_id`, `channel_id`, `default_status`, `allow_guest_posts`, `default_author`) VALUES 
	(1, 1, 4, '', 'n', 1),
	(2, 1, 5, '', 'n', 1),
	(3, 1, 6, '', 'n', 1),
	(4, 1, 7, '', 'n', 1),
	(5, 1, 8, '', 'n', 1),
	(6, 1, 9, '', 'n', 1),
	(7, 1, 10, '', 'n', 1),
	(8, 1, 11, '', 'n', 1);

INSERT INTO `expmc_channel_grid_field_13` (`row_id`, `entry_id`, `row_order`, `fluid_field_data_id`, `col_id_15`, `col_id_16`, `col_id_17`) VALUES 
	(1, 15, 0, 0, '{file:10:url}', 'Staff Member 1', 'This is a proof of concept. A short bio would be included on the staff card. ');

INSERT INTO `expmc_channel_grid_field_14` (`row_id`, `entry_id`, `row_order`, `fluid_field_data_id`, `col_id_18`, `col_id_19`, `col_id_20`, `col_id_21`) VALUES 
	(1, 16, 0, 0, '{file:11:url}', 'Taekwondo', 'The Korean art of self defense. ', ''),
	(3, 18, 0, 0, '{file:11:url}', 'Taekwondo', 'The Korean art of self defense. ', '{file:12:url}');

INSERT INTO `expmc_channel_titles` (`entry_id`, `site_id`, `channel_id`, `author_id`, `forum_topic_id`, `ip_address`, `title`, `url_title`, `status`, `status_id`, `versioning_enabled`, `view_count_one`, `view_count_two`, `view_count_three`, `view_count_four`, `allow_comments`, `sticky`, `entry_date`, `year`, `month`, `day`, `expiration_date`, `comment_expiration_date`, `edit_date`, `recent_comment_date`, `comment_total`) VALUES 
	(13, 1, 4, 1, NULL, '141.152.52.221', 'Home', 'home', 'open', 1, 'n', 0, 0, 0, 0, 'y', 'n', 1720377780, '2024', '07', '07', 0, 0, 1720377811, NULL, 0),
	(14, 1, 5, 1, NULL, '141.152.52.221', 'About', 'about', 'open', 1, 'n', 0, 0, 0, 0, 'y', 'n', 1720378560, '2024', '07', '07', 0, 0, 1720825392, NULL, 0),
	(15, 1, 6, 1, NULL, '141.152.52.221', 'Proof', 'proof', 'open', 1, 'n', 0, 0, 0, 0, 'y', 'n', 1720378620, '2024', '07', '07', 0, 0, 1720378726, NULL, 0),
	(16, 1, 7, 1, NULL, '141.152.52.221', 'Classes', 'classes', 'open', 1, 'n', 0, 0, 0, 0, 'y', 'n', 1720380420, '2024', '07', '07', 0, 0, 1720396441, NULL, 0),
	(18, 1, 10, 1, NULL, '141.152.52.221', 'Taekwondo', 'taekwondo', 'open', 1, 'n', 0, 0, 0, 0, 'y', 'n', 1720397160, '2024', '07', '07', 0, 0, 1720763634, NULL, 0);

INSERT INTO `expmc_channels` (`channel_id`, `site_id`, `channel_name`, `channel_title`, `channel_url`, `channel_description`, `channel_lang`, `total_entries`, `total_records`, `total_comments`, `last_entry_date`, `last_comment_date`, `cat_group`, `deft_status`, `search_excerpt`, `deft_category`, `deft_comments`, `channel_require_membership`, `channel_max_chars`, `channel_html_formatting`, `channel_allow_img_urls`, `channel_auto_link_urls`, `channel_notify`, `channel_notify_emails`, `sticky_enabled`, `enable_entry_cloning`, `comment_url`, `comment_system_enabled`, `comment_require_membership`, `comment_moderate`, `comment_max_chars`, `comment_timelock`, `comment_require_email`, `comment_text_formatting`, `comment_html_formatting`, `comment_allow_img_urls`, `comment_auto_link_urls`, `comment_notify`, `comment_notify_authors`, `comment_notify_emails`, `comment_expiration`, `search_results_url`, `rss_url`, `enable_versioning`, `max_revisions`, `default_entry_title`, `title_field_label`, `title_field_instructions`, `url_title_prefix`, `enforce_auto_url_title`, `preview_url`, `allow_preview`, `max_entries`, `conditional_sync_required`) VALUES 
	(4, 1, 'home', 'Home', 'https://nolimitsmaf.great-site.net/index.php', '', 'en', 1, 1, 0, 1720377780, 0, '', 'open', 12, '', 'y', 'y', NULL, 'all', 'y', 'n', 'n', '', 'n', 'y', '', 'y', 'n', 'n', 5000, 0, 'y', 'xhtml', 'safe', 'n', 'y', 'n', 'n', '', 0, '', '', 'n', 10, '', 'Home', '', '', 'n', '', 'y', 1, 'n'),
	(5, 1, 'about', 'About', 'https://nolimitsmaf.great-site.net/index.php', '', 'en', 1, 1, 0, 1720378560, 0, '', 'open', NULL, '', 'y', 'y', NULL, 'all', 'y', 'n', 'n', '', 'n', 'y', '', 'y', 'n', 'n', 5000, 0, 'y', 'xhtml', 'safe', 'n', 'y', 'n', 'n', '', 0, '', '', 'n', 10, '', 'Title', '', '', 'n', '', 'y', 1, 'n'),
	(6, 1, 'staff_directory', 'Staff Directory', 'https://nolimitsmaf.great-site.net/index.php', '', 'en', 1, 1, 0, 1720378620, 0, '', 'open', NULL, '', 'y', 'y', NULL, 'all', 'y', 'n', 'n', '', 'n', 'y', '', 'y', 'n', 'n', 5000, 0, 'y', 'xhtml', 'safe', 'n', 'y', 'n', 'n', '', 0, '', '', 'n', 10, '', 'Title', '', '', 'n', '', 'y', 0, 'n'),
	(7, 1, 'classes', 'Classes', 'https://nolimitsmaf.great-site.net/index.php', '', 'en', 1, 1, 0, 1720380420, 0, '', 'open', 14, '', 'y', 'y', NULL, 'all', 'y', 'n', 'n', '', 'n', 'y', '', 'y', 'n', 'n', 5000, 0, 'y', 'xhtml', 'safe', 'n', 'y', 'n', 'n', '', 0, '', '', 'n', 10, '', 'Title', '', '', 'n', '', 'y', 0, 'n'),
	(8, 1, 'staff', 'Staff', 'https://nolimitsmaf.great-site.net/index.php', '', 'en', 0, 0, 0, 0, 0, '', 'open', NULL, '', 'y', 'y', NULL, 'all', 'y', 'n', 'n', '', 'n', 'y', '', 'y', 'n', 'n', 5000, 0, 'y', 'xhtml', 'safe', 'n', 'y', 'n', 'n', '', 0, '', '', 'n', 10, '', 'Title', '', '', 'n', '', 'y', 0, 'n'),
	(9, 1, 'current_students', 'Current Students', 'https://nolimitsmaf.great-site.net/index.php', '', 'en', 0, 0, 0, 0, 0, '', 'open', NULL, '', 'y', 'y', NULL, 'all', 'y', 'n', 'n', '', 'n', 'y', '', 'y', 'n', 'n', 5000, 0, 'y', 'xhtml', 'safe', 'n', 'y', 'n', 'n', '', 0, '', '', 'n', 10, '', 'Title', '', '', 'n', '', 'y', 0, 'n'),
	(10, 1, 'class_details', 'Class Details', 'https://nolimitsmaf.great-site.net/', '', 'en', 1, 1, 0, 1720397160, 0, '', 'open', NULL, '', 'y', 'y', NULL, 'all', 'y', 'n', 'n', '', 'n', 'y', '', 'y', 'n', 'n', 5000, 0, 'y', 'xhtml', 'safe', 'n', 'y', 'n', 'n', '', 0, '', '', 'n', 10, '', 'Title', '', '', 'n', '', 'y', 0, 'n'),
	(11, 1, 'school_info', 'School Info', 'https://nolimitsmaf.great-site.net/', '', 'en', 0, 0, 0, 0, 0, '', 'open', NULL, '', 'y', 'y', NULL, 'all', 'y', 'n', 'n', '', 'n', 'y', '', 'y', 'n', 'n', 5000, 0, 'y', 'xhtml', 'safe', 'n', 'y', 'n', 'n', '', 0, '', '', 'n', 10, '', 'Title', '', '', 'n', '', 'y', 0, 'n');

INSERT INTO `expmc_channels_channel_fields` (`channel_id`, `field_id`) VALUES 
	(4, 12),
	(5, 6),
	(6, 13),
	(7, 6),
	(8, 15),
	(10, 14);

INSERT INTO `expmc_channels_statuses` (`channel_id`, `status_id`) VALUES 
	(4, 1),
	(4, 2),
	(4, 3),
	(5, 1),
	(5, 2),
	(6, 1),
	(6, 2),
	(7, 1),
	(7, 2),
	(7, 3),
	(8, 1),
	(8, 2),
	(9, 1),
	(9, 2),
	(10, 1),
	(10, 2),
	(11, 1),
	(11, 2);

INSERT INTO `expmc_config` (`config_id`, `site_id`, `key`, `value`) VALUES 
	(1, 1, 'is_site_on', 'y'),
	(2, 1, 'base_url', 'https://nolimitsmaf.great-site.net/'),
	(3, 1, 'base_path', '/home/vol15_4/infinityfree.com/if0_36856805/htdocs/'),
	(4, 1, 'site_index', ''),
	(5, 1, 'site_url', '{base_url}'),
	(6, 1, 'cp_url', '{base_url}admin.php'),
	(7, 1, 'theme_folder_url', '{base_url}themes/'),
	(8, 1, 'theme_folder_path', '{base_path}themes/'),
	(9, 1, 'webmaster_email', 'dtyronestrand@icloud.com'),
	(10, 1, 'webmaster_name', ''),
	(11, 1, 'channel_nomenclature', 'channel'),
	(12, 1, 'max_caches', '150'),
	(13, 1, 'captcha_url', '{base_url}images/captchas/'),
	(14, 1, 'captcha_path', '{base_path}images/captchas/'),
	(15, 1, 'captcha_font', 'y'),
	(16, 1, 'captcha_rand', 'y'),
	(17, 1, 'captcha_require_members', 'n'),
	(18, 1, 'require_captcha', 'n'),
	(19, 1, 'enable_sql_caching', 'n'),
	(20, 1, 'force_query_string', 'n'),
	(21, 1, 'show_profiler', 'n'),
	(22, 1, 'include_seconds', 'n'),
	(23, 1, 'cookie_domain', ''),
	(24, 1, 'cookie_path', '/'),
	(25, 1, 'cookie_httponly', 'y'),
	(26, 1, 'website_session_type', 'c'),
	(27, 1, 'cp_session_type', 'c'),
	(28, 1, 'allow_username_change', 'y'),
	(29, 1, 'allow_multi_logins', 'y'),
	(30, 1, 'password_lockout', 'y'),
	(31, 1, 'password_lockout_interval', '1'),
	(32, 1, 'require_ip_for_login', 'y'),
	(33, 1, 'require_ip_for_posting', 'y'),
	(34, 1, 'password_security_policy', 'basic'),
	(35, 1, 'allow_dictionary_pw', 'y'),
	(36, 1, 'name_of_dictionary_file', 'dictionary.txt'),
	(37, 1, 'xss_clean_uploads', 'y'),
	(38, 1, 'redirect_method', 'redirect'),
	(39, 1, 'deft_lang', 'english'),
	(40, 1, 'xml_lang', 'en'),
	(41, 1, 'send_headers', 'y'),
	(42, 1, 'gzip_output', 'n'),
	(43, 1, 'default_site_timezone', 'America/New_York'),
	(44, 1, 'date_format', '%n/%j/%Y'),
	(45, 1, 'time_format', '12'),
	(46, 1, 'week_start', 'sunday'),
	(47, 1, 'mail_protocol', 'mail'),
	(48, 1, 'email_newline', '\\n'),
	(49, 1, 'smtp_server', ''),
	(50, 1, 'smtp_username', ''),
	(51, 1, 'smtp_password', ''),
	(52, 1, 'email_smtp_crypto', 'ssl'),
	(53, 1, 'email_debug', 'n'),
	(54, 1, 'email_charset', 'utf-8'),
	(55, 1, 'email_batchmode', 'n'),
	(56, 1, 'email_batch_size', ''),
	(57, 1, 'mail_format', 'plain'),
	(58, 1, 'word_wrap', 'y'),
	(59, 1, 'email_console_timelock', '5'),
	(60, 1, 'log_email_console_msgs', 'y'),
	(61, 1, 'log_search_terms', 'y'),
	(62, 1, 'deny_duplicate_data', 'y'),
	(63, 1, 'redirect_submitted_links', 'n'),
	(64, 1, 'enable_censoring', 'n'),
	(65, 1, 'censored_words', ''),
	(66, 1, 'censor_replacement', ''),
	(67, 1, 'banned_ips', ''),
	(68, 1, 'banned_emails', ''),
	(69, 1, 'banned_usernames', ''),
	(70, 1, 'banned_screen_names', ''),
	(71, 1, 'ban_action', 'restrict'),
	(72, 1, 'ban_message', 'This site is currently unavailable'),
	(73, 1, 'ban_destination', 'http://www.yahoo.com/'),
	(74, 1, 'enable_emoticons', 'y'),
	(75, 1, 'emoticon_url', '{base_url}images/smileys/'),
	(76, 1, 'recount_batch_total', '1000'),
	(77, 1, 'new_version_check', 'y'),
	(78, 1, 'enable_throttling', 'n'),
	(79, 1, 'banish_masked_ips', 'y'),
	(80, 1, 'max_page_loads', '10'),
	(81, 1, 'time_interval', '8'),
	(82, 1, 'lockout_time', '30'),
	(83, 1, 'banishment_type', 'message'),
	(84, 1, 'banishment_url', ''),
	(85, 1, 'banishment_message', 'You have exceeded the allowed page load frequency.'),
	(86, 1, 'enable_search_log', 'y'),
	(87, 1, 'max_logged_searches', '500'),
	(88, 1, 'un_min_len', '4'),
	(89, 1, 'pw_min_len', '5'),
	(90, 1, 'allow_member_registration', 'y'),
	(91, 1, 'allow_member_localization', 'y'),
	(92, 1, 'req_mbr_activation', 'email'),
	(93, 1, 'registration_auto_login', 'y'),
	(94, 1, 'activation_auto_login', 'n'),
	(95, 1, 'activation_redirect', ''),
	(96, 1, 'new_member_notification', 'n'),
	(97, 1, 'mbr_notification_emails', ''),
	(98, 1, 'require_terms_of_service', 'y'),
	(99, 1, 'default_primary_role', '5'),
	(100, 1, 'profile_trigger', 'member1720374605'),
	(101, 1, 'member_theme', 'default'),
	(102, 1, 'avatar_url', '{base_url}images/avatars/'),
	(103, 1, 'avatar_path', '{base_path}images/avatars/'),
	(104, 1, 'avatar_max_width', '100'),
	(105, 1, 'avatar_max_height', '100'),
	(106, 1, 'avatar_max_kb', '50'),
	(107, 1, 'enable_photos', 'n'),
	(108, 1, 'photo_url', '{base_url}images/member_photos/'),
	(109, 1, 'photo_path', '/'),
	(110, 1, 'photo_max_width', '100'),
	(111, 1, 'photo_max_height', '100'),
	(112, 1, 'photo_max_kb', '50'),
	(113, 1, 'allow_signatures', 'y'),
	(114, 1, 'sig_maxlength', '500'),
	(115, 1, 'sig_allow_img_hotlink', 'n'),
	(116, 1, 'sig_allow_img_upload', 'n'),
	(117, 1, 'sig_img_url', '{base_url}images/signature_attachments/'),
	(118, 1, 'sig_img_path', '{base_path}images/signature_attachments/'),
	(119, 1, 'sig_img_max_width', '480'),
	(120, 1, 'sig_img_max_height', '80'),
	(121, 1, 'sig_img_max_kb', '30'),
	(122, 1, 'prv_msg_enabled', 'y'),
	(123, 1, 'prv_msg_allow_attachments', 'y'),
	(124, 1, 'prv_msg_upload_path', '{base_path}images/pm_attachments/'),
	(125, 1, 'prv_msg_max_attachments', '3'),
	(126, 1, 'prv_msg_attach_maxsize', '250'),
	(127, 1, 'prv_msg_attach_total', '100'),
	(128, 1, 'prv_msg_html_format', 'safe'),
	(129, 1, 'prv_msg_auto_links', 'y'),
	(130, 1, 'prv_msg_max_chars', '6000'),
	(131, 1, 'memberlist_order_by', 'member_id'),
	(132, 1, 'memberlist_sort_order', 'desc'),
	(133, 1, 'memberlist_row_limit', '20'),
	(134, 1, 'site_404', 'home/404'),
	(135, 1, 'save_tmpl_revisions', 'n'),
	(136, 1, 'max_tmpl_revisions', '5'),
	(137, 1, 'strict_urls', 'y'),
	(138, 1, 'enable_template_routes', 'y'),
	(139, 1, 'image_resize_protocol', 'gd2'),
	(140, 1, 'image_library_path', ''),
	(141, 1, 'word_separator', 'dash'),
	(142, 1, 'use_category_name', 'n'),
	(143, 1, 'reserved_category_word', 'category'),
	(144, 1, 'auto_convert_high_ascii', 'n'),
	(145, 1, 'new_posts_clear_caches', 'y'),
	(146, 1, 'auto_assign_cat_parents', 'y'),
	(147, 0, 'cache_driver', 'file'),
	(148, 0, 'cookie_prefix', ''),
	(149, 0, 'debug', '1'),
	(150, 0, 'file_manager_compatibility_mode', 'n'),
	(151, 0, 'is_system_on', 'y'),
	(152, 0, 'cli_enabled', 'y'),
	(153, 0, 'legacy_member_data', 'n'),
	(154, 0, 'legacy_channel_data', 'n'),
	(155, 0, 'legacy_category_field_data', 'n'),
	(156, 0, 'enable_dock', 'y'),
	(157, 0, 'enable_frontedit', 'y'),
	(158, 0, 'automatic_frontedit_links', 'y'),
	(159, 0, 'enable_mfa', 'y'),
	(160, 0, 'autosave_interval_seconds', '10'),
	(161, 1, 'save_tmpl_files', 'y'),
	(162, 1, 'enable_comments', 'y'),
	(163, 1, 'site_license_key', ''),
	(164, 0, 'multiple_sites_enabled', 'n'),
	(165, 1, 'show_ee_news', 'y'),
	(166, 1, 'approved_member_notification', 'n'),
	(167, 1, 'declined_member_notification', 'n'),
	(168, 0, 'search_reindex_needed', '1720815765');

INSERT INTO `expmc_consent_request_versions` (`consent_request_version_id`, `consent_request_id`, `request`, `request_format`, `create_date`, `author_id`) VALUES 
	(1, 1, 'These cookies help us personalize content and functionality for you, including remembering changes you have made to parts of the website that you can customize, or selections for services made on previous visits. If you do not allow these cookies, some portions of our website may be less friendly and easy to use, forcing you to enter content or set your preferences on each visit.', 'none', 1720374605, 0),
	(2, 2, 'These cookies allow us measure how visitors use our website, which pages are popular, and what our traffic sources are. This helps us improve how our website works and make it easier for all visitors to find what they are looking for. The information is aggregated and anonymous, and cannot be used to identify you. If you do not allow these cookies, we will be unable to use your visits to our website to help make improvements.', 'none', 1720374605, 0),
	(3, 3, 'These cookies are usually placed by third-party advertising networks, which may use information about your website visits to develop a profile of your interests. This information may be shared with other advertisers and/or websites to deliver more relevant advertising to you across multiple websites. If you do not allow these cookies, visits to this website will not be shared with advertising partners and will not contribute to targeted advertising on other websites.', 'none', 1720374605, 0);

INSERT INTO `expmc_consent_requests` (`consent_request_id`, `consent_request_version_id`, `user_created`, `title`, `consent_name`, `double_opt_in`, `retention_period`) VALUES 
	(1, 1, 'n', 'Functionality Cookies', 'ee:cookies_functionality', 'n', NULL),
	(2, 2, 'n', 'Performance Cookies', 'ee:cookies_performance', 'n', NULL),
	(3, 3, 'n', 'Targeting Cookies', 'ee:cookies_targeting', 'n', NULL);

INSERT INTO `expmc_content_types` (`content_type_id`, `name`) VALUES 
	(2, 'channel'),
	(1, 'grid');

INSERT INTO `expmc_cookie_settings` (`cookie_id`, `cookie_provider`, `cookie_name`, `cookie_lifetime`, `cookie_enforced_lifetime`, `cookie_title`, `cookie_description`) VALUES 
	(1, 'ee', 'csrf_token', 7200, NULL, 'CSRF Token', 'A security cookie used to identify the user and prevent Cross Site Request Forgery attacks.'),
	(2, 'ee', 'flash', 0, NULL, 'Flash data', 'User feedback messages, encrypted for security.'),
	(3, 'ee', 'remember', NULL, NULL, 'Remember Me', 'Determines whether a user is automatically logged in upon visiting the site.'),
	(4, 'ee', 'sessionid', 3600, NULL, 'Session ID', 'Session id, used to associate a logged in user with their data.'),
	(5, 'ee', 'visitor_consents', NULL, NULL, 'Visitor Consents', 'Saves responses to Consent requests for non-logged in visitors'),
	(6, 'ee', 'last_activity', NULL, NULL, 'Last Activity', 'Records the time of the last page load. Used in in calculating active sessions.'),
	(7, 'ee', 'last_visit', NULL, NULL, 'Last Visit', 'Date of the users last visit, based on the last_activity cookie. Can be shown as a statistic for members and used by forum and comments to show unread topics for both members and guests.'),
	(8, 'ee', 'anon', NULL, NULL, 'Anonymize', 'Determines whether the users username is displayed in the list of currently logged in members.'),
	(9, 'ee', 'tracker', 0, NULL, 'Tracker', 'Contains the last 5 pages viewed, encrypted for security. Typically used for form or error message returns.'),
	(10, 'cp', 'viewtype', 31104000, NULL, 'Filemanager View Type', 'Determines View Type to be used in Filemanager (table or thumbs view)'),
	(11, 'cp', 'cp_last_site_id', NULL, NULL, 'CP Last Site ID', 'MSM cookie indicating the last site accessed in the Control Panel.'),
	(12, 'cp', 'ee_cp_viewmode', NULL, NULL, 'CP View Mode', 'Determines view mode for the Control Panel.'),
	(13, 'cp', 'secondary_sidebar', 31104000, NULL, 'Secondary Sidebar State', 'Determines whether secondary navigation sidebar in the Control Panel should be collapsed for each corresponding section.'),
	(14, 'cp', 'collapsed_nav', NULL, NULL, 'Collapsed Navigation', 'Determines whether navigation sidebar in the Control Panel should be collapsed.'),
	(15, 'pro', 'frontedit', 31104000, NULL, 'Front-end editing', 'Determines whether ExpressioEngine front-end editing features should be enabled.'),
	(16, 'comment', 'my_email', NULL, NULL, 'My email', 'Email address specified when posting a comment.'),
	(17, 'comment', 'my_location', NULL, NULL, 'My location', 'Location specified when posting a comment.'),
	(18, 'comment', 'my_name', NULL, NULL, 'My name', 'Name specified when posting a comment.'),
	(19, 'comment', 'my_url', NULL, NULL, 'My URL', 'URL specified when posting a comment.'),
	(20, 'comment', 'notify_me', NULL, NULL, 'Notify me', 'If set to yes, notifications will be sent to the saved email address when new comments are made.'),
	(21, 'comment', 'save_info', NULL, NULL, 'Save info', 'If set to yes, allows additional cookies (my_email, my_location, my_name, my_url) to store guest user information for use when filling out comment forms. This cookie is only set if you submit a comment.');

INSERT INTO `expmc_cp_log` (`id`, `site_id`, `member_id`, `username`, `ip_address`, `act_date`, `action`) VALUES 
	(1, 1, 1, 'deve', '141.152.52.221', 1720375800, 'Logged in'),
	(2, 1, 1, 'deve', '141.152.52.221', 1720376942, 'The following field was removed and its data was deleted: <b>Contact Address</b>'),
	(3, 1, 1, 'deve', '141.152.52.221', 1720376942, 'The following field was removed and its data was deleted: <b>Contact Phone</b>'),
	(4, 1, 1, 'deve', '141.152.52.221', 1720376942, 'The following field was removed and its data was deleted: <b>Contact Email</b>'),
	(5, 1, 1, 'deve', '141.152.52.221', 1720376942, 'The following field was removed and its data was deleted: <b>Content</b>'),
	(6, 1, 1, 'deve', '141.152.52.221', 1720376942, 'The following field was removed and its data was deleted: <b>Video</b>'),
	(7, 1, 1, 'deve', '141.152.52.221', 1720376942, 'The following field was removed and its data was deleted: <b>Image</b>'),
	(8, 1, 1, 'deve', '141.152.52.221', 1720376942, 'The following field was removed and its data was deleted: <b>Audio</b>'),
	(9, 1, 1, 'deve', '141.152.52.221', 1720376942, 'The following field was removed and its data was deleted: <b>About Image</b>'),
	(10, 1, 1, 'deve', '141.152.52.221', 1720377007, 'Content reindexing started.'),
	(11, 1, 1, 'deve', '141.152.52.221', 1720377007, 'search_reindex_completed'),
	(12, 1, 1, 'deve', '141.152.52.221', 1720377223, 'Channel Created&nbsp;&nbsp;Home'),
	(13, 1, 1, 'deve', '141.152.52.221', 1720377250, 'Channel Created&nbsp;&nbsp;About'),
	(14, 1, 1, 'deve', '141.152.52.221', 1720377281, 'Channel Created&nbsp;&nbsp;Staff Directory'),
	(15, 1, 1, 'deve', '141.152.52.221', 1720377321, 'Channel Created&nbsp;&nbsp;Classes'),
	(16, 1, 1, 'deve', '141.152.52.221', 1720377364, 'Channel Created&nbsp;&nbsp;Staff'),
	(17, 1, 1, 'deve', '141.152.52.221', 1720377380, 'Channel Created&nbsp;&nbsp;Current Students'),
	(18, 1, 1, 'deve', '141.152.52.221', 1720378183, 'Category group deleted:&nbsp;&nbsp;Blog'),
	(19, 1, 1, 'deve', '141.152.52.221', 1720378208, 'Category group deleted:&nbsp;&nbsp;Slideshow'),
	(20, 1, 1, 'deve', '141.152.52.221', 1720392442, 'Logged in'),
	(21, 1, 1, 'deve', '141.152.52.221', 1720394303, 'Channel Created&nbsp;&nbsp;Class Details'),
	(22, 1, 1, 'deve', '141.152.52.221', 1720412607, 'Logged in'),
	(23, 1, 1, 'deve', '141.152.52.221', 1720413845, 'Logged in'),
	(24, 1, 1, 'deve', '141.152.52.221', 1720421073, 'Logged in'),
	(25, 1, 1, 'deve', '174.205.98.177', 1720631377, 'Logged in'),
	(26, 1, 1, 'deve', '169.133.32.205', 1720738202, 'Logged in'),
	(27, 1, 1, 'deve', '141.152.52.221', 1720763597, 'Logged in'),
	(28, 1, 1, 'deve', '141.152.52.221', 1720763615, 'Logged in'),
	(29, 1, 1, 'deve', '164.106.85.4', 1720802702, 'Logged in'),
	(30, 1, 1, 'deve', '164.106.85.4', 1720802711, 'Logged in'),
	(31, 1, 1, 'deve', '141.152.52.221', 1720815361, 'Logged in'),
	(32, 1, 1, 'deve', '141.152.52.221', 1720815392, 'Channel Created&nbsp;&nbsp;School Info'),
	(33, 1, 1, 'deve', '141.152.52.221', 1720825123, 'Logged in'),
	(34, 1, 1, 'deve', '141.152.52.221', 1720826480, 'Logged in'),
	(35, 1, 1, 'deve', '141.152.52.221', 1720827050, 'Logged in');

INSERT INTO `expmc_dashboard_widgets` (`widget_id`, `widget_name`, `widget_data`, `widget_type`, `widget_source`, `widget_file`) VALUES 
	(1, NULL, NULL, 'php', 'pro', 'comments'),
	(2, NULL, NULL, 'php', 'pro', 'eecms_news'),
	(3, NULL, NULL, 'php', 'pro', 'members'),
	(4, NULL, NULL, 'php', 'pro', 'recent_entries'),
	(5, NULL, NULL, 'php', 'pro', 'recent_templates'),
	(6, NULL, NULL, 'html', 'pro', 'support');

INSERT INTO `expmc_dock_prolets` (`dock_prolets_id`, `dock_id`, `prolet_id`) VALUES 
	(1, 1, 1),
	(2, 1, 2),
	(3, 1, 3);

INSERT INTO `expmc_docks` (`dock_id`, `site_id`) VALUES 
	(1, 0);

INSERT INTO `expmc_extensions` (`extension_id`, `class`, `method`, `hook`, `settings`, `priority`, `version`, `enabled`) VALUES 
	(1, 'Comment_ext', 'addCommentMenu', 'cp_custom_menu', 'a:0:{}', 10, '2.3.3', 'y'),
	(2, 'Structure_ext', 'after_channel_entry_save', 'after_channel_entry_save', 'a:0:{}', 10, '6.0.0', 'y'),
	(3, 'Structure_ext', 'sessions_end', 'sessions_end', 'a:0:{}', 10, '6.0.0', 'y'),
	(4, 'Structure_ext', 'entry_submission_redirect', 'entry_submission_redirect', 'a:0:{}', 10, '6.0.0', 'y'),
	(5, 'Structure_ext', 'cp_member_login', 'cp_member_login', 'a:0:{}', 10, '6.0.0', 'y'),
	(6, 'Structure_ext', 'sessions_start', 'sessions_start', 'a:0:{}', 10, '6.0.0', 'y'),
	(7, 'Structure_ext', 'pagination_create', 'pagination_create', 'a:0:{}', 10, '6.0.0', 'y'),
	(8, 'Structure_ext', 'wygwam_config', 'wygwam_config', 'a:0:{}', 10, '6.0.0', 'y'),
	(9, 'Structure_ext', 'core_template_route', 'core_template_route', 'a:0:{}', 10, '6.0.0', 'y'),
	(10, 'Structure_ext', 'entry_submission_end', 'entry_submission_end', 'a:0:{}', 10, '6.0.0', 'y'),
	(11, 'Structure_ext', 'channel_form_submit_entry_end', 'channel_form_submit_entry_end', 'a:0:{}', 10, '6.0.0', 'y'),
	(12, 'Structure_ext', 'template_post_parse', 'template_post_parse', 'a:0:{}', 10, '6.0.0', 'y'),
	(13, 'Structure_ext', 'cp_custom_menu', 'cp_custom_menu', 'a:0:{}', 10, '6.0.0', 'y'),
	(14, 'Structure_ext', 'publish_live_preview_route', 'publish_live_preview_route', 'a:0:{}', 10, '6.0.0', 'y'),
	(15, 'Structure_ext', 'entry_save_and_close_redirect', 'entry_save_and_close_redirect', 'a:0:{}', 10, '6.0.0', 'y');

INSERT INTO `expmc_field_groups` (`group_id`, `site_id`, `group_name`, `short_name`, `group_description`) VALUES 
	(2, 0, 'seo', 'field_group_seo', NULL),
	(3, 0, 'common', 'field_group_common', NULL),
	(6, 0, 'School Info', 'school_info', '');

INSERT INTO `expmc_fieldtypes` (`fieldtype_id`, `name`, `version`, `settings`, `has_global_settings`) VALUES 
	(1, 'select', '1.0.0', 'YTowOnt9', 'n'),
	(2, 'text', '1.0.0', 'YTowOnt9', 'n'),
	(3, 'number', '1.0.0', 'YTowOnt9', 'n'),
	(4, 'textarea', '1.0.0', 'YTowOnt9', 'n'),
	(5, 'date', '1.0.0', 'YTowOnt9', 'n'),
	(6, 'duration', '1.0.0', 'YTowOnt9', 'n'),
	(7, 'email_address', '1.0.0', 'YTowOnt9', 'n'),
	(8, 'file', '1.1.0', 'YTowOnt9', 'n'),
	(9, 'fluid_field', '1.0.0', 'YTowOnt9', 'n'),
	(10, 'grid', '1.0.0', 'YTowOnt9', 'n'),
	(11, 'file_grid', '1.0.0', 'YTowOnt9', 'n'),
	(12, 'multi_select', '1.0.0', 'YTowOnt9', 'n'),
	(13, 'checkboxes', '1.0.0', 'YTowOnt9', 'n'),
	(14, 'radio', '1.0.0', 'YTowOnt9', 'n'),
	(15, 'relationship', '1.0.0', 'YTowOnt9', 'n'),
	(16, 'rte', '2.2.0', 'YTowOnt9', 'n'),
	(17, 'slider', '1.0.0', 'YTowOnt9', 'n'),
	(18, 'range_slider', '1.0.0', 'YTowOnt9', 'n'),
	(19, 'toggle', '1.0.0', 'YTowOnt9', 'n'),
	(20, 'url', '1.0.0', 'YTowOnt9', 'n'),
	(21, 'colorpicker', '1.0.0', 'YTowOnt9', 'n'),
	(22, 'selectable_buttons', '1.0.0', 'YTowOnt9', 'n'),
	(23, 'notes', '1.0.0', 'YTowOnt9', 'n'),
	(24, 'member', '2.4.0', 'YTowOnt9', 'n'),
	(25, 'structure', '6.0.0', 'YToxOntzOjE5OiJzdHJ1Y3R1cmVfbGlzdF90eXBlIjtzOjU6InBhZ2VzIjt9', 'n');

INSERT INTO `expmc_file_usage` (`file_usage_id`, `file_id`, `entry_id`, `cat_id`) VALUES 
	(1, 8, 13, 0),
	(2, 10, 15, 0),
	(14, 11, 18, 0),
	(15, 12, 18, 0);

INSERT INTO `expmc_files` (`file_id`, `model_type`, `site_id`, `title`, `upload_location_id`, `directory_id`, `mime_type`, `file_type`, `file_name`, `file_size`, `description`, `credit`, `location`, `uploaded_by_member_id`, `upload_date`, `modified_by_member_id`, `modified_date`, `file_hw_original`, `total_records`) VALUES 
	(7, 'Directory', 1, 'Logo', 7, 0, 'directory', 'directory', 'Logo', 0, NULL, NULL, NULL, 1, 1720377732, 1, 1720377732, '', 0),
	(8, 'File', 1, 'NLMAF_LOGO_2shues_smallcropped.png', 7, 7, 'image/png', 'img', 'NLMAF_LOGO_2shues_smallcropped.png', 347515, NULL, NULL, NULL, 1, 1720377754, 1, 1720377754, '450 452', 1),
	(9, 'Directory', 1, 'People', 7, 0, 'directory', 'directory', 'People', 0, NULL, NULL, NULL, 1, 1720377764, 1, 1720377764, '', 0),
	(10, 'File', 1, 'avatar-1577909_640.png', 7, 9, 'image/png', 'img', 'avatar-1577909_640.png', 18790, NULL, NULL, NULL, 1, 1720377785, 1, 1720377785, '640 640', 1),
	(11, 'File', 1, 'kickboxing-150330.svg', 7, 0, 'image/svg+xml', 'img', 'kickboxing-150330.svg', 2294, NULL, NULL, NULL, 1, 1720380519, 1, 1720380519, ' ', 1),
	(12, 'File', 1, 'Handbook_(1).epub', 8, 0, 'application/epub+zip', 'doc', 'Handbook_(1).epub', 249006, NULL, NULL, NULL, 1, 1720414241, 1, 1720414241, ' ', 1);

INSERT INTO `expmc_global_variables` (`variable_id`, `site_id`, `variable_name`, `variable_data`, `edit_date`) VALUES 
	(1, 0, 'gv_sep', '&nbsp;/&nbsp;', 1720374605),
	(2, 0, 'gv_comment_disabled', 'Commenting for this entry is <b>disabled</b>.', 1720374605),
	(3, 0, 'gv_entries_none', 'There are <b>no</b> entries in this channel.', 1720374605),
	(4, 0, 'gv_comment_none', 'There are <b>no</b> comments on this entry.', 1720374605),
	(5, 0, 'gv_comment_ignore', 'You are ignoring', 1720374605),
	(6, 0, 'gv_comment_expired', 'Commenting for this entry has <b>expired</b>.', 1720374605);

INSERT INTO `expmc_grid_columns` (`col_id`, `field_id`, `content_type`, `col_order`, `col_type`, `col_label`, `col_name`, `col_instructions`, `col_required`, `col_search`, `col_width`, `col_settings`) VALUES 
	(15, 13, 'channel', 0, 'file', 'File', 'file', '', 'n', 'y', 0, '{\"field_content_type\":\"image\",\"allowed_directories\":\"all\",\"show_existing\":\"\",\"num_existing\":0,\"field_fmt\":\"none\",\"field_required\":\"n\"}'),
	(16, 13, 'channel', 1, 'text', 'Name', 'name', '', 'y', 'y', 0, '{\"field_maxl\":\"256\",\"field_fmt\":\"none\",\"field_text_direction\":\"ltr\",\"field_content_type\":\"all\",\"field_required\":\"y\"}'),
	(17, 13, 'channel', 2, 'text', 'Bio', 'bio', '', 'y', 'y', 0, '{\"field_maxl\":\"256\",\"field_fmt\":\"none\",\"field_text_direction\":\"ltr\",\"field_content_type\":\"all\",\"field_required\":\"y\"}'),
	(18, 14, 'channel', 0, 'file', 'File', 'file', '', 'n', 'y', 0, '{\"field_content_type\":\"image\",\"allowed_directories\":\"all\",\"show_existing\":\"\",\"num_existing\":0,\"field_fmt\":\"none\",\"field_required\":\"n\"}'),
	(19, 14, 'channel', 1, 'text', 'Class Name', 'class_name', '', 'y', 'y', 0, '{\"field_maxl\":\"256\",\"field_fmt\":\"none\",\"field_text_direction\":\"ltr\",\"field_content_type\":\"all\",\"field_required\":\"y\"}'),
	(20, 14, 'channel', 2, 'textarea', ' Description', 'description', '', 'y', 'y', 0, '{\"field_show_file_selector\":\"\",\"db_column_type\":\"text\",\"field_show_smileys\":\"n\",\"field_show_formatting_btns\":\"y\",\"field_ta_rows\":\"6\",\"field_fmt\":\"none\",\"field_text_direction\":\"ltr\",\"field_required\":\"y\"}'),
	(21, 14, 'channel', 3, 'file', 'Class Docs', 'class_docs', '', 'n', 'y', 0, '{\"field_content_type\":\"all\",\"allowed_directories\":\"all\",\"show_existing\":\"y\",\"num_existing\":\"50\",\"field_fmt\":\"none\",\"field_required\":\"n\"}');

INSERT INTO `expmc_html_buttons` (`id`, `site_id`, `member_id`, `tag_name`, `tag_open`, `tag_close`, `accesskey`, `tag_order`, `tag_row`, `classname`) VALUES 
	(1, 1, 0, 'html_btn_bold', '<strong>', '</strong>', 'b', 1, '1', 'html-bold'),
	(2, 1, 0, 'html_btn_italic', '<em>', '</em>', 'i', 2, '1', 'html-italic'),
	(3, 1, 0, 'html_btn_blockquote', '<blockquote>', '</blockquote>', 'q', 3, '1', 'html-quote'),
	(4, 1, 0, 'html_btn_anchor', '<a href=\"[![Link:!:http://]!]\"(!( title=\"[![Title]!]\")!)>', '</a>', 'k', 4, '1', 'html-link'),
	(5, 1, 0, 'html_btn_picture', '<img src=\"[![Link:!:http://]!]\" alt=\"\" height=\"\" width=\"\">', '', '', 5, '1', 'html-upload');

INSERT INTO `expmc_member_data` (`member_id`) VALUES 
	(1);

INSERT INTO `expmc_member_news_views` (`news_id`, `version`, `member_id`) VALUES 
	(1, '7.4.11', 1);

INSERT INTO `expmc_members` (`member_id`, `role_id`, `pending_role_id`, `username`, `screen_name`, `password`, `salt`, `unique_id`, `crypt_key`, `backup_mfa_code`, `authcode`, `email`, `signature`, `avatar_filename`, `avatar_width`, `avatar_height`, `photo_filename`, `photo_width`, `photo_height`, `sig_img_filename`, `sig_img_width`, `sig_img_height`, `ignore_list`, `private_messages`, `accept_messages`, `last_view_bulletins`, `last_bulletin_date`, `ip_address`, `join_date`, `last_visit`, `last_activity`, `total_entries`, `total_comments`, `total_forum_topics`, `total_forum_posts`, `last_entry_date`, `last_comment_date`, `last_forum_post_date`, `last_email_date`, `in_authorlist`, `accept_admin_email`, `accept_user_email`, `notify_by_default`, `notify_of_pm`, `display_signatures`, `parse_smileys`, `smart_notifications`, `language`, `timezone`, `time_format`, `date_format`, `week_start`, `include_seconds`, `profile_theme`, `forum_theme`, `tracker`, `template_size`, `notepad`, `notepad_size`, `bookmarklets`, `quick_links`, `quick_tabs`, `show_sidebar`, `pmember_id`, `cp_homepage`, `cp_homepage_channel`, `cp_homepage_custom`, `dismissed_banner`, `enable_mfa`) VALUES 
	(1, 1, 0, 'deve', 'deve', '$2y$10$On..pKQyuRJ//Ggz2ugIR.f2WTmeU.EpfNAzSpbYNwmc4iATY1/3S', '', '960b00f8bb361f663cd72aea5f79d07753925148', '5ac9e4c77847cf2c16354aef360df2bc75a95d1a', NULL, NULL, 'dtyronestrand@icloud.com', NULL, NULL, NULL, NULL, NULL, NULL, NULL, NULL, NULL, NULL, NULL, 0, 'y', 0, 0, '141.152.52.221', 1720374605, 1720815668, 1720828079, 5, 0, 0, 0, 1720397160, 0, 0, 0, 'n', 'y', 'y', 'y', 'y', 'y', 'y', 'y', 'english', 'America/New_York', NULL, NULL, NULL, NULL, NULL, NULL, NULL, '28', NULL, '18', NULL, '', NULL, 'n', 0, NULL, NULL, NULL, 'n', 'n');

INSERT INTO `expmc_members_roles` (`member_id`, `role_id`) VALUES 
	(1, 1);

INSERT INTO `expmc_menu_sets` (`set_id`, `name`) VALUES 
	(1, 'Default');

INSERT INTO `expmc_modules` (`module_id`, `module_name`, `module_version`, `has_cp_backend`, `has_publish_fields`) VALUES 
	(1, 'Channel', '2.1.1', 'n', 'n'),
	(2, 'Comment', '2.3.3', 'y', 'n'),
	(3, 'Consent', '1.0.0', 'n', 'n'),
	(4, 'Member', '2.4.0', 'n', 'n'),
	(5, 'Stats', '2.2.0', 'n', 'n'),
	(6, 'Rte', '2.2.0', 'y', 'n'),
	(7, 'File', '1.1.0', 'n', 'n'),
	(8, 'Filepicker', '1.0', 'y', 'n'),
	(9, 'Relationship', '1.0.0', 'n', 'n'),
	(10, 'Search', '2.3.0', 'n', 'n'),
	(11, 'Pro', '2.1.0', 'n', 'n'),
	(12, 'Email', '2.1.0', 'n', 'n'),
	(13, 'Rss', '2.0.0', 'n', 'n'),
	(14, 'Structure', '6.0.0', 'y', 'y');

INSERT INTO `expmc_password_lockout` (`lockout_id`, `login_date`, `ip_address`, `user_agent`, `username`) VALUES 
	(1, 1720375792, '141.152.52.221', 'Mozilla/5.0 (Macintosh; Intel Mac OS X 10_15_7) AppleWebKit/537.36 (KHTML, like Gecko) Chrome/126.0.0.0 Safari/537.36', 'deve'),
	(2, 1720392433, '141.152.52.221', 'Mozilla/5.0 (Macintosh; Intel Mac OS X 10_15_7) AppleWebKit/537.36 (KHTML, like Gecko) Chrome/126.0.0.0 Safari/537.36', 'deve'),
	(3, 1720412599, '141.152.52.221', 'Mozilla/5.0 (Windows NT 10.0; Win64; x64) AppleWebKit/537.36 (KHTML, like Gecko) Chrome/125.0.0.0 Safari/537.36 OPR/111.', 'deve'),
	(4, 1720763588, '141.152.52.221', 'Mozilla/5.0 (Macintosh; Intel Mac OS X 10_15_7) AppleWebKit/537.36 (KHTML, like Gecko) Chrome/126.0.0.0 Safari/537.36', 'deve');

INSERT INTO `expmc_permissions` (`permission_id`, `role_id`, `site_id`, `permission`) VALUES 
	(1, 1, 1, 'can_view_offline_system'),
	(2, 1, 1, 'can_access_cp'),
	(3, 1, 1, 'can_access_dock'),
	(4, 1, 1, 'can_access_footer_report_bug'),
	(5, 1, 1, 'can_access_footer_new_ticket'),
	(6, 1, 1, 'can_access_footer_user_guide'),
	(7, 1, 1, 'can_view_homepage_news'),
	(8, 1, 1, 'can_upload_new_files'),
	(9, 1, 1, 'can_edit_files'),
	(10, 1, 1, 'can_delete_files'),
	(11, 1, 1, 'can_upload_new_toolsets'),
	(12, 1, 1, 'can_edit_toolsets'),
	(13, 1, 1, 'can_delete_toolsets'),
	(14, 1, 1, 'can_create_upload_directories'),
	(15, 1, 1, 'can_edit_upload_directories'),
	(16, 1, 1, 'can_delete_upload_directories'),
	(17, 1, 1, 'can_access_files'),
	(18, 1, 1, 'can_access_design'),
	(19, 1, 1, 'can_access_addons'),
	(20, 1, 1, 'can_access_members'),
	(21, 1, 1, 'can_access_sys_prefs'),
	(22, 1, 1, 'can_access_comm'),
	(23, 1, 1, 'can_access_utilities'),
	(24, 1, 1, 'can_access_data'),
	(25, 1, 1, 'can_access_logs'),
	(26, 1, 1, 'can_admin_channels'),
	(27, 1, 1, 'can_create_channels'),
	(28, 1, 1, 'can_edit_channels'),
	(29, 1, 1, 'can_delete_channels'),
	(30, 1, 1, 'can_create_channel_fields'),
	(31, 1, 1, 'can_edit_channel_fields'),
	(32, 1, 1, 'can_delete_channel_fields'),
	(33, 1, 1, 'can_create_statuses'),
	(34, 1, 1, 'can_delete_statuses'),
	(35, 1, 1, 'can_edit_statuses'),
	(36, 1, 1, 'can_create_categories'),
	(37, 1, 1, 'can_create_roles'),
	(38, 1, 1, 'can_delete_roles'),
	(39, 1, 1, 'can_edit_roles'),
	(40, 1, 1, 'can_admin_design'),
	(41, 1, 1, 'can_create_members'),
	(42, 1, 1, 'can_edit_members'),
	(43, 1, 1, 'can_delete_members'),
	(44, 1, 1, 'can_admin_roles'),
	(45, 1, 1, 'can_admin_mbr_templates'),
	(46, 1, 1, 'can_ban_users'),
	(47, 1, 1, 'can_admin_addons'),
	(48, 1, 1, 'can_create_templates'),
	(49, 1, 1, 'can_edit_templates'),
	(50, 1, 1, 'can_delete_templates'),
	(51, 1, 1, 'can_create_template_groups'),
	(52, 1, 1, 'can_edit_template_groups'),
	(53, 1, 1, 'can_delete_template_groups'),
	(54, 1, 1, 'can_create_template_partials'),
	(55, 1, 1, 'can_edit_template_partials'),
	(56, 1, 1, 'can_delete_template_partials'),
	(57, 1, 1, 'can_create_template_variables'),
	(58, 1, 1, 'can_delete_template_variables'),
	(59, 1, 1, 'can_edit_template_variables'),
	(60, 1, 1, 'can_edit_categories'),
	(61, 1, 1, 'can_delete_categories'),
	(62, 1, 1, 'can_view_other_entries'),
	(63, 1, 1, 'can_edit_other_entries'),
	(64, 1, 1, 'can_assign_post_authors'),
	(65, 1, 1, 'can_delete_self_entries'),
	(66, 1, 1, 'can_delete_all_entries'),
	(67, 1, 1, 'can_view_other_comments'),
	(68, 1, 1, 'can_edit_own_comments'),
	(69, 1, 1, 'can_delete_own_comments'),
	(70, 1, 1, 'can_edit_all_comments'),
	(71, 1, 1, 'can_delete_all_comments'),
	(72, 1, 1, 'can_moderate_comments'),
	(73, 1, 1, 'can_send_cached_email'),
	(74, 1, 1, 'can_email_roles'),
	(75, 1, 1, 'can_email_from_profile'),
	(76, 1, 1, 'can_view_profiles'),
	(77, 1, 1, 'can_edit_html_buttons'),
	(78, 1, 1, 'can_post_comments'),
	(79, 1, 1, 'can_delete_self'),
	(80, 1, 1, 'can_send_private_messages'),
	(81, 1, 1, 'can_attach_in_private_messages'),
	(82, 1, 1, 'can_send_bulletins'),
	(83, 1, 1, 'can_search'),
	(84, 1, 1, 'can_create_entries'),
	(85, 1, 1, 'can_edit_self_entries'),
	(86, 1, 1, 'can_access_security_settings'),
	(87, 1, 1, 'can_access_translate'),
	(88, 1, 1, 'can_access_import'),
	(89, 1, 1, 'can_access_sql_manager'),
	(90, 1, 1, 'can_moderate_spam'),
	(91, 1, 1, 'can_manage_consents'),
	(92, 3, 1, 'can_view_online_system'),
	(93, 4, 1, 'can_view_online_system'),
	(94, 5, 1, 'can_view_online_system'),
	(95, 5, 1, 'can_email_from_profile'),
	(96, 5, 1, 'can_view_profiles'),
	(97, 5, 1, 'can_edit_html_buttons'),
	(98, 5, 1, 'can_delete_self'),
	(99, 5, 1, 'can_send_private_messages'),
	(100, 5, 1, 'can_attach_in_private_messages'),
	(101, 6, 1, 'can_view_online_system');

INSERT INTO `expmc_prolets` (`prolet_id`, `source`, `class`) VALUES 
	(1, 'channel', 'Channel_pro'),
	(2, 'pro', 'Entries_pro'),
	(3, 'structure', 'Structure_pro');

INSERT INTO `expmc_role_settings` (`id`, `role_id`, `site_id`, `menu_set_id`, `mbr_delete_notify_emails`, `exclude_from_moderation`, `search_flood_control`, `prv_msg_send_limit`, `prv_msg_storage_limit`, `include_in_authorlist`, `include_in_memberlist`, `cp_homepage`, `cp_homepage_channel`, `cp_homepage_custom`, `require_mfa`, `show_field_names`) VALUES 
	(1, 1, 1, 1, NULL, 'y', 0, 20, 60, 'y', 'y', NULL, 0, NULL, 'n', 'y'),
	(2, 2, 1, 1, NULL, 'n', 60, 20, 60, 'n', 'n', NULL, 0, NULL, 'n', 'y'),
	(3, 3, 1, 1, NULL, 'n', 10, 20, 60, 'n', 'y', NULL, 0, NULL, 'n', 'y'),
	(4, 4, 1, 1, NULL, 'n', 10, 20, 60, 'n', 'y', NULL, 0, NULL, 'n', 'y'),
	(5, 5, 1, 1, NULL, 'n', 10, 20, 60, 'n', 'y', NULL, 0, NULL, 'n', 'y'),
	(6, 6, 1, 1, '', 'n', 0, 0, 0, 'n', 'n', 'overview', 4, '', 'n', 'n');

INSERT INTO `expmc_roles` (`role_id`, `name`, `short_name`, `description`, `site_color`, `total_members`, `is_locked`, `highlight`) VALUES 
	(1, 'Super Admin', 'super_admin', NULL, '', 0, 'y', ''),
	(2, 'Banned', 'banned', NULL, '', 0, 'n', ''),
	(3, 'Guests', 'guests', NULL, '', 0, 'n', ''),
	(4, 'Pending', 'pending', NULL, '', 0, 'n', ''),
	(5, 'Members', 'members', NULL, '', 0, 'n', ''),
	(6, 'Staff', 'staff', '', '', 0, 'n', '5D63F1');

INSERT INTO `expmc_rte_toolsets` (`toolset_id`, `toolset_name`, `toolset_type`, `settings`) VALUES 
	(1, 'CKEditor Basic', 'ckeditor', 'YTo1OntzOjQ6InR5cGUiO3M6ODoiY2tlZGl0b3IiO3M6NzoidG9vbGJhciI7YTo2OntpOjA7czo0OiJib2xkIjtpOjE7czo2OiJpdGFsaWMiO2k6MjtzOjk6InVuZGVybGluZSI7aTozO3M6MTI6Im51bWJlcmVkTGlzdCI7aTo0O3M6MTI6ImJ1bGxldGVkTGlzdCI7aTo1O3M6NDoibGluayI7fXM6NjoiaGVpZ2h0IjtzOjM6IjIwMCI7czoxMDoidXBsb2FkX2RpciI7czozOiJhbGwiO3M6MTA6Im1lZGlhRW1iZWQiO2E6MTp7czoxNDoicHJldmlld3NJbkRhdGEiO2I6MTt9fQ=='),
	(2, 'CKEditor Full', 'ckeditor', 'YTo1OntzOjQ6InR5cGUiO3M6ODoiY2tlZGl0b3IiO3M6NzoidG9vbGJhciI7YTozNTp7aTowO3M6NDoiYm9sZCI7aToxO3M6NjoiaXRhbGljIjtpOjI7czoxMzoic3RyaWtldGhyb3VnaCI7aTozO3M6OToidW5kZXJsaW5lIjtpOjQ7czo5OiJzdWJzY3JpcHQiO2k6NTtzOjExOiJzdXBlcnNjcmlwdCI7aTo2O3M6MTA6ImJsb2NrcXVvdGUiO2k6NztzOjQ6ImNvZGUiO2k6ODtzOjk6ImNvZGVCbG9jayI7aTo5O3M6NzoiaGVhZGluZyI7aToxMDtzOjEyOiJyZW1vdmVGb3JtYXQiO2k6MTE7czo0OiJ1bmRvIjtpOjEyO3M6NDoicmVkbyI7aToxMztzOjEyOiJudW1iZXJlZExpc3QiO2k6MTQ7czoxMjoiYnVsbGV0ZWRMaXN0IjtpOjE1O3M6Nzoib3V0ZGVudCI7aToxNjtzOjY6ImluZGVudCI7aToxNztzOjQ6ImxpbmsiO2k6MTg7czoxMToiZmlsZW1hbmFnZXIiO2k6MTk7czoxMToiaW5zZXJ0SW1hZ2UiO2k6MjA7czoxMToiaW5zZXJ0VGFibGUiO2k6MjE7czoxMDoibWVkaWFFbWJlZCI7aToyMjtzOjk6Imh0bWxFbWJlZCI7aToyMztzOjE0OiJhbGlnbm1lbnQ6bGVmdCI7aToyNDtzOjE1OiJhbGlnbm1lbnQ6cmlnaHQiO2k6MjU7czoxNjoiYWxpZ25tZW50OmNlbnRlciI7aToyNjtzOjE3OiJhbGlnbm1lbnQ6anVzdGlmeSI7aToyNztzOjE0OiJob3Jpem9udGFsTGluZSI7aToyODtzOjE3OiJzcGVjaWFsQ2hhcmFjdGVycyI7aToyOTtzOjg6InJlYWRNb3JlIjtpOjMwO3M6OToiZm9udENvbG9yIjtpOjMxO3M6MTk6ImZvbnRCYWNrZ3JvdW5kQ29sb3IiO2k6MzI7czoxNDoiZmluZEFuZFJlcGxhY2UiO2k6MzM7czoxMDoic2hvd0Jsb2NrcyI7aTozNDtzOjEzOiJzb3VyY2VFZGl0aW5nIjt9czo2OiJoZWlnaHQiO3M6MzoiMjAwIjtzOjEwOiJ1cGxvYWRfZGlyIjtzOjM6ImFsbCI7czoxMDoibWVkaWFFbWJlZCI7YToxOntzOjE0OiJwcmV2aWV3c0luRGF0YSI7YjoxO319'),
	(3, 'RedactorX Basic', 'redactorX', 'YTo0OntzOjQ6InR5cGUiO3M6OToicmVkYWN0b3JYIjtzOjc6InRvb2xiYXIiO2E6MTI6e3M6MTI6InRvb2xiYXJfaGlkZSI7czoxOiJ5IjtzOjE0OiJ0b29sYmFyX3RvcGJhciI7czoxOiJuIjtzOjE0OiJ0b29sYmFyX2FkZGJhciI7czoxOiJuIjtzOjE1OiJ0b29sYmFyX2NvbnRleHQiO3M6MToibiI7czoxNToidG9vbGJhcl9jb250cm9sIjtzOjE6Im4iO3M6NDoiaGlkZSI7YTowOnt9czo2OiJ0b3BiYXIiO2E6Mzp7aTowO3M6ODoic2hvcnRjdXQiO2k6MTtzOjQ6InVuZG8iO2k6MjtzOjQ6InJlZG8iO31zOjY6ImFkZGJhciI7YTo2OntpOjA7czo5OiJwYXJhZ3JhcGgiO2k6MTtzOjU6ImVtYmVkIjtpOjI7czo1OiJ0YWJsZSI7aTozO3M6NToicXVvdGUiO2k6NDtzOjM6InByZSI7aTo1O3M6NDoibGluZSI7fXM6NzoiY29udGV4dCI7YTo5OntpOjA7czo0OiJib2xkIjtpOjE7czo2OiJpdGFsaWMiO2k6MjtzOjc6ImRlbGV0ZWQiO2k6MztzOjQ6ImNvZGUiO2k6NDtzOjQ6ImxpbmsiO2k6NTtzOjQ6Im1hcmsiO2k6NjtzOjM6InN1YiI7aTo3O3M6Mzoic3VwIjtpOjg7czozOiJrYmQiO31zOjY6ImVkaXRvciI7YTo0OntpOjA7czo2OiJmb3JtYXQiO2k6MTtzOjQ6ImJvbGQiO2k6MjtzOjY6Iml0YWxpYyI7aTozO3M6NDoibGluayI7fXM6NjoiZm9ybWF0IjthOjM6e2k6MDtzOjE6InAiO2k6MTtzOjI6InVsIjtpOjI7czoyOiJvbCI7fXM6NzoicGx1Z2lucyI7YTo0OntpOjA7czo5OiJ1bmRlcmxpbmUiO2k6MTtzOjExOiJmaWxlYnJvd3NlciI7aToyO3M6MTY6InJ0ZV9kZWZpbmVkbGlua3MiO2k6MztzOjU6InBhZ2VzIjt9fXM6NjoiaGVpZ2h0IjtzOjM6IjIwMCI7czoxMDoidXBsb2FkX2RpciI7czozOiJhbGwiO30='),
	(4, 'RedactorX Full', 'redactorX', 'YTo0OntzOjQ6InR5cGUiO3M6OToicmVkYWN0b3JYIjtzOjc6InRvb2xiYXIiO2E6MTI6e3M6MTI6InRvb2xiYXJfaGlkZSI7czoxOiJ5IjtzOjE0OiJ0b29sYmFyX3RvcGJhciI7czoxOiJ5IjtzOjE0OiJ0b29sYmFyX2FkZGJhciI7czoxOiJ5IjtzOjE1OiJ0b29sYmFyX2NvbnRleHQiO3M6MToieSI7czoxNToidG9vbGJhcl9jb250cm9sIjtzOjE6InkiO3M6NDoiaGlkZSI7YTowOnt9czo2OiJ0b3BiYXIiO2E6Mzp7aTowO3M6NDoidW5kbyI7aToxO3M6NDoicmVkbyI7aToyO3M6ODoic2hvcnRjdXQiO31zOjY6ImFkZGJhciI7YTo2OntpOjA7czo5OiJwYXJhZ3JhcGgiO2k6MTtzOjU6ImVtYmVkIjtpOjI7czo1OiJ0YWJsZSI7aTozO3M6NToicXVvdGUiO2k6NDtzOjM6InByZSI7aTo1O3M6NDoibGluZSI7fXM6NzoiY29udGV4dCI7YTo5OntpOjA7czo0OiJib2xkIjtpOjE7czo2OiJpdGFsaWMiO2k6MjtzOjc6ImRlbGV0ZWQiO2k6MztzOjQ6ImNvZGUiO2k6NDtzOjQ6ImxpbmsiO2k6NTtzOjQ6Im1hcmsiO2k6NjtzOjM6InN1YiI7aTo3O3M6Mzoic3VwIjtpOjg7czozOiJrYmQiO31zOjY6ImVkaXRvciI7YTo3OntpOjA7czozOiJhZGQiO2k6MTtzOjQ6Imh0bWwiO2k6MjtzOjY6ImZvcm1hdCI7aTozO3M6NDoiYm9sZCI7aTo0O3M6NjoiaXRhbGljIjtpOjU7czo3OiJkZWxldGVkIjtpOjY7czo0OiJsaW5rIjt9czo2OiJmb3JtYXQiO2E6OTp7aTowO3M6MToicCI7aToxO3M6MjoiaDEiO2k6MjtzOjI6ImgyIjtpOjM7czoyOiJoMyI7aTo0O3M6MjoiaDQiO2k6NTtzOjI6Img1IjtpOjY7czoyOiJoNiI7aTo3O3M6MjoidWwiO2k6ODtzOjI6Im9sIjt9czo3OiJwbHVnaW5zIjthOjE1OntpOjA7czo5OiJ1bmRlcmxpbmUiO2k6MTtzOjk6ImFsaWdubWVudCI7aToyO3M6OToiYmxvY2tjb2RlIjtpOjM7czoxNjoicnRlX2RlZmluZWRsaW5rcyI7aTo0O3M6NToicGFnZXMiO2k6NTtzOjExOiJmaWxlYnJvd3NlciI7aTo2O3M6MTM6ImltYWdlcG9zaXRpb24iO2k6NztzOjExOiJpbWFnZXJlc2l6ZSI7aTo4O3M6MTI6ImlubGluZWZvcm1hdCI7aTo5O3M6MTI6InJlbW92ZWZvcm1hdCI7aToxMDtzOjc6ImNvdW50ZXIiO2k6MTE7czo4OiJzZWxlY3RvciI7aToxMjtzOjEyOiJzcGVjaWFsY2hhcnMiO2k6MTM7czoxMzoidGV4dGRpcmVjdGlvbiI7aToxNDtzOjg6InJlYWRtb3JlIjt9fXM6NjoiaGVpZ2h0IjtzOjM6IjIwMCI7czoxMDoidXBsb2FkX2RpciI7czozOiJhbGwiO30=');

INSERT INTO `expmc_security_hashes` (`hash_id`, `date`, `session_id`, `hash`) VALUES 
	(14, 1720825124, '77ce152b2938803ff9a2fdc23ade1b3ceae034a1', '7483a95e822d8c24d68adf5a470e55aef3673f58'),
	(15, 1720826480, 'a4ae5fadf4dd4d265a0a1333e737f4951e222180', 'f925aab533c8483c000733d22c36c9bc9bf9064e'),
	(16, 1720827050, 'b19a52b834171394924ba5567f86e02a63c05356', 'efff94d079bbf89c38a7e7edf278b70779c120d5');

INSERT INTO `expmc_sessions` (`session_id`, `member_id`, `admin_sess`, `ip_address`, `user_agent`, `login_state`, `fingerprint`, `sess_start`, `auth_timeout`, `last_activity`, `can_debug`, `mfa_flag`, `pro_banner_seen`) VALUES 
	('77ce152b2938803ff9a2fdc23ade1b3ceae034a1', 1, 1, '141.152.52.221', 'Mozilla/5.0 (Windows NT 10.0; Win64; x64) AppleWebKit/537.36 (KHTML, like Gecko) Chrome/126.0.0.0 Safari/537.36', NULL, '64a8b82d7ff6cbaa272952faed017a56', 1720825123, 0, 1720826218, '0', 'skip', 'n'),
	('a4ae5fadf4dd4d265a0a1333e737f4951e222180', 1, 1, '141.152.52.221', 'Mozilla/5.0 (Windows NT 10.0; Win64; x64) AppleWebKit/537.36 (KHTML, like Gecko) Chrome/126.0.0.0 Safari/537.36', NULL, '64a8b82d7ff6cbaa272952faed017a56', 1720826480, 0, 1720826892, '0', 'skip', 'n'),
	('b19a52b834171394924ba5567f86e02a63c05356', 1, 1, '141.152.52.221', 'Mozilla/5.0 (Windows NT 10.0; Win64; x64) AppleWebKit/537.36 (KHTML, like Gecko) Chrome/126.0.0.0 Safari/537.36', NULL, '64a8b82d7ff6cbaa272952faed017a56', 1720827050, 0, 1720828308, '0', 'skip', 'n');

INSERT INTO `expmc_sites` (`site_id`, `site_label`, `site_name`, `site_description`, `site_color`, `site_bootstrap_checksums`, `site_pages`) VALUES 
	(1, 'No Limits Martial Arts and Fitness', 'default_site', NULL, '', 'YToxOntzOjYwOiIvaG9tZS92b2wxNV80L2luZmluaXR5ZnJlZS5jb20vaWYwXzM2ODU2ODA1L2h0ZG9jcy9pbmRleC5waHAiO3M6MzI6IjQwNjJkYjVjMmYzNWQ2NDJjMjgyN2VhMGY4ZWNlY2JjIjt9', 'YToxOntpOjE7YTozOntzOjM6InVybCI7czoxMToie2Jhc2VfdXJsfS8iO3M6NDoidXJpcyI7YTo1OntpOjEzO3M6NjoiL2hvbWUvIjtpOjE0O3M6NzoiL2Fib3V0LyI7aToxNjtzOjk6Ii9jbGFzc2VzLyI7aToxODtzOjE5OiIvY2xhc3Nlcy90YWVrd29uZG8vIjtpOjE1O3M6MTM6Ii9hYm91dC9wcm9vZi8iO31zOjk6InRlbXBsYXRlcyI7YTo1OntpOjEzO2k6OTtpOjE0O2k6MTA7aToxNjtpOjI1O2k6MTg7aTozODtpOjE1O2k6MzU7fX19');

INSERT INTO `expmc_snippets` (`snippet_id`, `site_id`, `snippet_name`, `snippet_contents`, `edit_date`) VALUES 
	(4, 1, 'footer', '<footer class=\"glassmorphic-footer\">\n<div class=\"footer-contnt\">\n	<div class=\"footer-section first-section\">\n    	<h3>No Limits Martial Arts and Fitness</h3>\n        <div class=\"footer-copyright\">\n        <p>2024  All Rights Reserved</p>\n        </div>\n    </div>\n    <div class=\"footer-section second-section\">\n   <h3> Follow Us</h3>\n    <div class=\"social-icons\">\n      <a href=\"www.facebook.com\" target=\"_blank\" class=\"link\"><i class=\"fa-brands fa-square-facebook\"></i></a>\n      <a href=\"www.instagram.com\" target=\"_blank\" class=\"link\"><i class=\"fa-brands fa-square-instagram\"></i></a>\n      <a href=\"www.twitter.com\" target=\"_blank\" class=\"link\"><i class=\"fa-brands fa-square-x-twitter\"></i></a>\n    </div>\n  </div>\n  <div class=\"footer-section third-section\"><h3>Links</h3>\n  <div class-\"footer-links\">\n {exp:structure:nav start_from=\"/home/index.html\" depth=\"1\"}\n </div>\n  </div>\n  </div>\n  </footer>', 1720377537),
	(5, 1, 'sign_in', '<div class=\"sign-in\" popover id=\"sign-in\">\n    {exp:member:login_form}\n    <label>Username</label><br/>\n    <input type=\"text\" name=\"username\" value=\"\"/>\n    <label>Password<label><br/>\n    <input type=\"password\" name=\"password\" value=\"\"/>\n    <input type=\"submit\" name=\"submit\" value=\"Submit\"/>\n{/exp:member:login_form}\n    </div>', 1720377537),
	(6, 1, 'sign_up', '{exp:member:registration_form return=\"member/registration/success\"}\n<div popover=\"auto\" class=\"registration-form\" id=\"registration\">\n    <fieldset class=\"nolimits-registration\">\n        <h4>Membership Application</h4>\n        <p><label for=\"first-name\">First Name</label><label for=\"last-name\">Last Name</label><br/>\n        <input type=\"text\" name=\"first-name\" id=\"first-name\" value=\"{if first-name}{first-name}{/if}\"/><input type=\"text\" name=\"last-name\" value=\"{if last-name}{last-name}{/if}\"/>\n        </p>\n   \n        <p>\n            <label for=\"email\">Email</label><br/>\n            <input type=\"text\" name=\"email\" id=\"email\" value=\"{if email}{email}{/if}\"/>\n        </p>\n        <p>\n            <label for=\"username\">Username</label><br/>\n            <input type=\"text\" name=\"username\" id=\"username\" value=\"{if username}{username}{/if}\"/>\n        </p>\n        <p>\n        <label for=\"password\">Password</label><br/>\n        <input type=\"password\" name=\"password\" id=\"password\" value=\"{if password}{password}{/if}\"/>\n        </p>\n        <p>\n            <label for=\"password_confirm\">Confirm Password</label><br/>\n            <input type=\"password\" name=\"password_confirm\" value=\"\"/>\n        </p>\n    </fieldset>\n    <input type=\"submit\" value=\"Register\"class=\"registration-btn\"/>\n</div>\n{/exp:member:registration_form}', 1720377537),
	(7, 1, 'nav', '		\n		<nav><a class=\"nav-logo\" href=\"{path=\"home/index\"}\">No Limits Martial Arts and Fittness</a>\n		<span>{exp:structure:nav start_from=\"/home/index.html\" show_depth=\"4\"}</span><div popovertarget=\"sign-in\" class=\"nav-signin\">Sign In</div>\n		</nav>\n		\n<script>\n	let nav = document.querySelector(\"nav\");\n		window.onscroll - function(){\n			if(documnt.getElement.scrollTop > 20 ){\n			nav.classList.add(\"sticky\");\n			}else {\n			nav.classList.remove(\"sticky\");\n			}\n		}\n</script>', 1720828198);

INSERT INTO `expmc_specialty_templates` (`template_id`, `site_id`, `enable_template`, `template_name`, `data_title`, `template_type`, `template_subtype`, `template_data`, `template_notes`, `edit_date`, `last_author_id`) VALUES 
	(1, 1, 'y', 'offline_template', '', 'system', NULL, '<!doctype html>\n<html dir=\"ltr\">\n    <head>\n        <title>System Offline</title>\n        <meta content=\"width=device-width, initial-scale=1.0, maximum-scale=1.0, user-scalable=no\"  name=\"viewport\">\n\n        <style type=\"text/css\">\n:root, body {\n    --ee-panel-bg: #fff;\n    --ee-panel-border: #dfe0ef;\n    --ee-text-normal: #0d0d19;\n    --ee-main-bg: #f7f7fb;\n    --ee-link: #5D63F1;\n    --ee-link-hover: #171feb;\n}\n\n*, :after, :before {\n    box-sizing: inherit;\n}\n\nhtml {\n    box-sizing: border-box;\n    font-size: 15px;\n    height: 100%;\n    line-height: 1.15;\n}\n\nbody {\n    font-family: -apple-system, BlinkMacSystemFont, segoe ui, helvetica neue, helvetica, Cantarell, Ubuntu, roboto, noto, arial, sans-serif;\n    height: 100%;\n    font-size: 1rem;\n    line-height: 1.6;\n    color: var(--ee-text-normal);\n    background: var(--ee-main-bg);\n    -webkit-font-smoothing: antialiased;\n    margin: 0;\n}\n\n.panel {\n    margin-bottom: 20px;\n    background-color: var(--ee-panel-bg);\n    border: 1px solid var(--ee-panel-border);\n    border-radius: 6px;\n}\n.redirect {\n	max-width: 700px;\n	min-width: 350px;\n    position: absolute;\n    top: 50%;\n    left: 50%;\n    transform: translate(-50%,-50%);\n}\n\n.panel-heading {\n    padding: 20px 25px;\n    position: relative;\n}\n\n.panel-body {\n    padding: 20px 25px;\n}\n\n.panel-body:after, .panel-body:before {\n    content: \" \";\n    display: table;\n}\n\n.redirect p {\n    margin-bottom: 20px;\n}\np {\n    line-height: 1.6;\n}\na, blockquote, code, h1, h2, h3, h4, h5, h6, ol, p, pre, ul {\n    color: inherit;\n    margin: 0;\n    padding: 0;\n    font-weight: inherit;\n}\n\na {\n    color: var(--ee-link);\n    text-decoration: none;\n    -webkit-transition: color .15s ease-in-out;\n    -moz-transition: color .15s ease-in-out;\n    -o-transition: color .15s ease-in-out;\n}\n\na:hover {\n    color: var(--ee-link-hover);\n}\n\nh3 {\n    font-size: 1.35em;\n    font-weight: 500;\n}\n\nol, ul {\n    padding-left: 0;\n}\n\nol li, ul li {\n    list-style-position: inside;\n}\n\n.panel-footer {\n    padding: 20px 25px;\n    position: relative;\n}\n\n\n        </style>\n    </head>\n    <body>\n        <section class=\"flex-wrap\">\n            <section class=\"wrap\">\n                <div class=\"panel redirect\">\n                    <div class=\"panel-heading\">\n                        <h3>System Offline</h3>\n                    </div>\n					<div class=\"panel-body\">\n					This site is currently offline\n                    </div>\n                </div>\n            </section>\n        </section>\n    </body>\n</html>', NULL, 1720374605, 0),
	(2, 1, 'y', 'message_template', '', 'system', NULL, '<!doctype html>\n<html dir=\"ltr\">\n    <head>\n        <title>{title}</title>\n        <meta http-equiv=\"content-type\" content=\"text/html; charset={charset}\">\n        <meta content=\"width=device-width, initial-scale=1.0, maximum-scale=1.0, user-scalable=no\"  name=\"viewport\">\n        <meta name=\"referrer\" content=\"no-referrer\">\n        {meta_refresh}\n        <style type=\"text/css\">\n:root, body {\n    --ee-panel-bg: #fff;\n    --ee-panel-border: #dfe0ef;\n    --ee-text-normal: #0d0d19;\n    --ee-main-bg: #f7f7fb;\n    --ee-link: #5D63F1;\n    --ee-link-hover: #171feb;\n}\n\n*, :after, :before {\n    box-sizing: inherit;\n}\n\nhtml {\n    box-sizing: border-box;\n    font-size: 15px;\n    height: 100%;\n    line-height: 1.15;\n}\n\nbody {\n    font-family: -apple-system, BlinkMacSystemFont, segoe ui, helvetica neue, helvetica, Cantarell, Ubuntu, roboto, noto, arial, sans-serif;\n    height: 100%;\n    font-size: 1rem;\n    line-height: 1.6;\n    color: var(--ee-text-normal);\n    background: var(--ee-main-bg);\n    -webkit-font-smoothing: antialiased;\n    margin: 0;\n}\n\n.panel {\n    margin-bottom: 20px;\n    background-color: var(--ee-panel-bg);\n    border: 1px solid var(--ee-panel-border);\n    border-radius: 6px;\n}\n.redirect {\n	max-width: 700px;\n	min-width: 350px;\n    position: absolute;\n    top: 50%;\n    left: 50%;\n    transform: translate(-50%,-50%);\n}\n\n.panel-heading {\n    padding: 20px 25px;\n    position: relative;\n}\n\n.panel-body {\n    padding: 20px 25px;\n}\n\n.panel-body:after, .panel-body:before {\n    content: \" \";\n    display: table;\n}\n\n.redirect p {\n    margin-bottom: 20px;\n}\np {\n    line-height: 1.6;\n}\na, blockquote, code, h1, h2, h3, h4, h5, h6, ol, p, pre, ul {\n    color: inherit;\n    margin: 0;\n    padding: 0;\n    font-weight: inherit;\n}\n\na {\n    color: var(--ee-link);\n    text-decoration: none;\n    -webkit-transition: color .15s ease-in-out;\n    -moz-transition: color .15s ease-in-out;\n    -o-transition: color .15s ease-in-out;\n}\n\na:hover {\n    color: var(--ee-link-hover);\n}\n\nh3 {\n    font-size: 1.35em;\n    font-weight: 500;\n}\n\nol, ul {\n    padding-left: 0;\n}\n\nol li, ul li {\n    list-style-position: inside;\n}\n\n.panel-footer {\n    padding: 20px 25px;\n    position: relative;\n}\n\n\n        </style>\n    </head>\n    <body>\n        <section class=\"flex-wrap\">\n            <section class=\"wrap\">\n                <div class=\"panel redirect\">\n                    <div class=\"panel-heading\">\n                        <h3>{heading}</h3>\n                    </div>\n                    <div class=\"panel-body\">\n                        {content}\n\n\n                    </div>\n                    <div class=\"panel-footer\">\n                        {link}\n                    </div>\n                </div>\n            </section>\n        </section>\n    </body>\n</html>', NULL, 1720374605, 0),
	(3, 1, 'y', 'post_install_message_template', '', 'system', NULL, '<!doctype html>\n<html>\n	<head>\n		<title>Welcome to ExpressionEngine!</title>\n		<meta http-equiv=\"content-type\" content=\"text/html; charset=utf-8\" lang=\"en-us\" dir=\"ltr\">\n		<meta content=\"width=device-width, initial-scale=1.0, maximum-scale=1.0, user-scalable=no\"  name=\"viewport\">\n		<link href=\"{theme_folder_url}cp/css/common.min.css\" rel=\"stylesheet\">\n			</head>\n	<body class=\"installer-page\">\n		<section class=\"flex-wrap\">\n			<section class=\"wrap\">\n				<div class=\"login__logo\">\n  <svg width=\"281px\" height=\"36px\" viewBox=\"0 0 281 36\" version=\"1.1\" xmlns=\"http://www.w3.org/2000/svg\" xmlns:xlink=\"http://www.w3.org/1999/xlink\">\n  <title>ExpressionEngine</title>\n  <defs>\n      <polygon id=\"path-1\" points=\"0.3862 0.1747 18.6557 0.1747 18.6557 21.5 0.3862 21.5\"></polygon>\n      <polygon id=\"path-3\" points=\"0.3926 0.17455 13.9915 0.17455 13.9915 15.43755 0.3926 15.43755\"></polygon>\n      <polygon id=\"path-5\" points=\"0 0.06905 25.8202 0.06905 25.8202 31.6178513 0 31.6178513\"></polygon>\n      <polygon id=\"path-7\" points=\"0.10635 0.204 25.9268587 0.204 25.9268587 31.7517 0.10635 31.7517\"></polygon>\n  </defs>\n  <g id=\"logo\" stroke=\"none\" stroke-width=\"1\" fill=\"none\" fill-rule=\"evenodd\">\n      <g id=\"expressionengine\">\n          <path d=\"M92.88015,27.0665 L89.28865,20.955 L94.66665,14.6405 L94.77265,13.9 L91.11315,13.9 L87.86765,17.95 C87.76015,18.0845 87.57265,18.353 87.30415,19.2645 C87.33065,18.353 87.14315,18.0845 87.08965,17.9775 L84.80915,13.9 L80.59815,13.9 L84.62115,20.8475 L78.21065,28.3045 L82.42165,28.3045 L86.04315,23.905 C86.23065,23.664 86.52565,23.154 86.66065,22.5915 C86.66065,23.154 86.79465,23.6905 86.92865,23.905 L89.42265,28.3045 L92.70265,28.3045 L92.88015,27.0665 Z\" id=\"Fill-1\"></path>\n          <path d=\"M80.2395,11.9686 L70.9585,11.9686 L70.288,16.6091 L78.7645,16.6091 L77.4495,19.6141 L69.751,19.6141 C69.805,19.8011 69.805,20.0156 69.778,20.1231 L69.027,25.3011 L78.3345,25.3011 L77.9055,28.3046 L65.003,28.3046 L67.7925,8.9651 L80.6685,8.9651 L80.2395,11.9686 Z\" id=\"Fill-3\"></path>\n          <path d=\"M102.3328,16.20735 C101.5283,16.20735 100.5628,16.34085 99.3558,17.11935 L98.1493,25.46185 C98.8998,25.83735 99.9723,25.99835 100.8848,25.99835 C103.0573,25.99835 104.2378,24.60235 104.7478,20.98085 C104.8548,20.28385 104.9083,19.69385 104.9083,19.18485 C104.9083,17.03835 104.0508,16.20735 102.3328,16.20735 M108.3418,20.98085 C107.6718,25.70235 105.5783,28.73385 100.5093,28.73385 C99.5708,28.73385 98.4978,28.54635 97.5313,28.08985 C97.6128,28.38435 97.6933,28.73385 97.6393,29.02935 L96.8073,34.79585 L93.2133,34.79585 L96.2178,13.89985 L98.7928,13.89985 L99.0878,15.08085 C100.3213,14.00685 101.7703,13.47035 103.1113,13.47035 C106.9473,13.47035 108.5023,15.69685 108.5023,19.05035 C108.5023,19.66735 108.4483,20.31135 108.3418,20.98085\" id=\"Fill-5\"></path>\n          <path d=\"M119.33865,16.69 C118.74815,16.609 118.13215,16.555 117.48715,16.555 C116.46815,16.555 115.39515,16.716 114.45615,17.28 L112.87415,28.3045 L109.27965,28.3045 L111.34515,13.8995 L114.29515,13.8995 L114.51115,15.0535 C115.71715,13.8995 116.92465,13.4705 118.21215,13.4705 C118.72265,13.4705 119.25865,13.5515 119.79515,13.659 L119.33865,16.69 Z\" id=\"Fill-7\"></path>\n          <path d=\"M127.43385,16.31455 C125.39585,16.31455 124.40285,17.09155 123.81285,19.61405 L129.71435,19.61405 C129.76785,19.29205 129.79435,18.99655 129.79435,18.72855 C129.79435,17.14555 129.01685,16.31455 127.43385,16.31455 M133.03985,22.13505 L123.35635,22.13505 C123.30235,22.56405 123.27685,22.93955 123.27685,23.28855 C123.27685,25.05905 124.08085,25.89105 126.06585,25.89105 C127.91685,25.89105 128.96335,25.08605 129.74035,23.90505 L132.44985,25.00505 C131.18885,27.41855 128.82885,28.73355 125.66385,28.73355 C121.58635,28.73355 119.73535,26.56055 119.73535,22.93955 C119.73535,22.34955 119.78885,21.73305 119.86985,21.08855 C120.64685,15.80405 122.95485,13.47055 127.86285,13.47055 C132.31635,13.47055 133.33585,16.60905 133.33585,19.29205 C133.33585,20.09655 133.17435,21.16955 133.03985,22.13505\" id=\"Fill-9\"></path>\n          <path d=\"M144.11795,17.70905 C143.60895,16.79705 142.66995,16.28705 141.19395,16.28705 C140.04145,16.28705 138.64595,16.52905 138.64595,17.97755 C138.64595,18.48755 138.88745,18.91655 139.53145,19.02405 L142.64245,19.58655 C144.60095,19.93605 146.20995,21.03455 146.20995,23.12755 C146.20995,27.23155 142.80295,28.73355 139.23545,28.73355 C136.71445,28.73355 134.73045,27.87555 133.76445,25.62255 L136.76845,24.52255 C137.33245,25.54155 138.24395,25.99805 139.61245,25.99805 C140.95345,25.99805 142.61595,25.59505 142.61595,23.93255 C142.61595,23.34255 142.34795,22.91355 141.56945,22.77855 L138.21645,22.16255 C136.66095,21.86655 135.13145,20.68655 135.13145,18.46005 C135.13145,14.65055 138.27045,13.47055 141.59695,13.47055 C144.57445,13.47055 146.20995,14.67805 146.93445,16.39455 L144.11795,17.70905 Z\" id=\"Fill-11\"></path>\n          <path d=\"M157.28835,17.70905 C156.77935,16.79705 155.84135,16.28705 154.36435,16.28705 C153.21235,16.28705 151.81785,16.52905 151.81785,17.97755 C151.81785,18.48755 152.05935,18.91655 152.70335,19.02405 L155.81435,19.58655 C157.77285,19.93605 159.38185,21.03455 159.38185,23.12755 C159.38185,27.23155 155.97385,28.73355 152.40635,28.73355 C149.88635,28.73355 147.90085,27.87555 146.93585,25.62255 L149.93885,24.52255 C150.50285,25.54155 151.41585,25.99805 152.78285,25.99805 C154.12535,25.99805 155.78685,25.59505 155.78685,23.93255 C155.78685,23.34255 155.51985,22.91355 154.74135,22.77855 L151.38835,22.16255 C149.83185,21.86655 148.30235,20.68655 148.30235,18.46005 C148.30235,14.65055 151.44085,13.47055 154.76885,13.47055 C157.74485,13.47055 159.38185,14.67805 160.10535,16.39455 L157.28835,17.70905 Z\" id=\"Fill-13\"></path>\n          <path d=\"M168.0188,11.0294 C167.9908,11.2714 167.9908,11.2714 167.7768,11.2714 L164.2888,11.2714 C164.0743,11.2714 164.0743,11.2714 164.1018,11.0294 L164.5858,7.7039 C164.6108,7.4359 164.6108,7.4084 164.8253,7.4084 L168.3133,7.4084 C168.5278,7.4084 168.5278,7.4359 168.5003,7.7039 L168.0188,11.0294 Z M167.2953,28.5464 L165.4688,28.5464 C163.3783,28.5464 162.3583,27.6334 162.3583,25.7564 C162.3583,25.4619 162.3853,25.1659 162.4378,24.8169 L163.5128,17.3874 C163.5378,17.1729 163.6728,16.8509 163.8873,16.6089 L161.2853,16.6089 L161.6618,13.8999 L167.5898,13.8999 L166.0328,24.8169 C166.0083,24.9514 166.0083,25.0864 166.0083,25.1934 C166.0083,25.5154 166.1398,25.6229 166.5443,25.6229 L167.6968,25.6229 L167.2953,28.5464 Z\" id=\"Fill-15\"></path>\n          <path d=\"M176.8977,16.31455 C174.6972,16.31455 173.6242,17.44105 173.0882,21.08855 C172.9807,21.81305 172.9262,22.45705 172.9262,22.99305 C172.9262,25.16605 173.7837,25.89105 175.5282,25.89105 C177.7007,25.89105 178.8562,24.76305 179.3922,21.08855 C179.4997,20.39105 179.5522,19.77455 179.5522,19.23855 C179.5522,17.03805 178.6662,16.31455 176.8977,16.31455 M182.9852,21.08855 C182.2617,26.07805 180.0887,28.73355 175.1262,28.73355 C170.8872,28.73355 169.3582,26.13155 169.3582,22.85955 C169.3582,22.29555 169.4132,21.67955 169.4927,21.08855 C170.2167,16.01905 172.3647,13.47055 177.3267,13.47055 C181.5377,13.47055 183.1197,15.93905 183.1197,19.26455 C183.1197,19.85455 183.0672,20.44455 182.9852,21.08855\" id=\"Fill-17\"></path>\n          <path d=\"M197.21265,19.23835 L195.89815,28.30435 L192.33015,28.30435 L193.64515,19.23835 C193.70015,18.91635 193.72465,18.59485 193.72465,18.29935 C193.72465,17.06535 193.24365,16.26085 191.90115,16.26085 C190.80115,16.26085 189.51415,16.87685 188.46865,17.52085 L186.91165,28.30435 L183.34415,28.30435 L185.41015,13.89985 L188.36115,13.89985 L188.60315,15.21435 C190.26465,13.89985 191.60665,13.47035 193.10865,13.47035 C196.11265,13.47035 197.32015,15.37535 197.32015,17.92385 C197.32015,18.35285 197.26715,18.78185 197.21265,19.23835\" id=\"Fill-19\"></path>\n          <path d=\"M214.45925,11.9686 L205.17825,11.9686 L204.51025,16.6091 L212.98475,16.6091 L211.67025,19.6141 L203.97075,19.6141 C204.02625,19.8011 204.02625,20.0156 203.99875,20.1231 L203.24775,25.3011 L212.55525,25.3011 L212.12675,28.3046 L199.22325,28.3046 L202.01525,8.9651 L214.89075,8.9651 L214.45925,11.9686 Z\" id=\"Fill-21\"></path>\n          <path d=\"M227.8411,19.23835 L226.5266,28.30435 L222.9586,28.30435 L224.2736,19.23835 C224.3261,18.91635 224.3531,18.59485 224.3531,18.29935 C224.3531,17.06535 223.8696,16.26085 222.5301,16.26085 C221.4296,16.26085 220.1426,16.87685 219.0946,17.52085 L217.5401,28.30435 L213.9726,28.30435 L216.0386,13.89985 L218.9871,13.89985 L219.2291,15.21435 C220.8931,13.89985 222.2331,13.47035 223.7371,13.47035 C226.7411,13.47035 227.9486,15.37535 227.9486,17.92385 C227.9486,18.35285 227.8936,18.78185 227.8411,19.23835\" id=\"Fill-23\"></path>\n          <g id=\"Group-27\" transform=\"translate(227.500000, 13.296000)\">\n              <mask id=\"mask-2\" fill=\"white\">\n                  <use xlink:href=\"#path-1\"></use>\n              </mask>\n              <g id=\"Clip-26\"></g>\n              <path d=\"M9.7742,2.9912 C7.7607,2.9912 6.6082,4.1452 6.6082,6.1297 C6.6082,7.4702 7.4667,8.0342 9.0232,8.0342 C11.0342,8.0342 12.1612,6.9617 12.1612,4.9772 C12.1612,3.6622 11.3832,2.9912 9.7742,2.9912 L9.7742,2.9912 Z M10.1207,15.0622 L5.0787,14.1227 C4.2757,14.9812 3.9262,15.5447 3.9262,16.7522 C3.9262,18.1197 4.8917,18.7372 7.4667,18.7372 C9.1557,18.7372 11.4907,18.4687 11.4907,16.2957 C11.4907,15.6262 11.1412,15.2507 10.1207,15.0622 L10.1207,15.0622 Z M18.3312,3.3132 L16.5872,3.3132 C16.3457,3.3132 15.7542,3.2867 15.3002,3.0722 C15.5672,3.7157 15.6742,4.4392 15.6742,5.0307 C15.6742,9.2142 12.3482,10.8237 8.6187,10.8237 C7.7882,10.8237 6.9852,10.7437 6.2862,10.5827 C6.1792,10.5552 6.0717,10.5292 5.9372,10.5292 C5.5352,10.5292 5.2932,10.7437 5.2932,11.1452 C5.2932,11.4137 5.4282,11.6017 6.0167,11.7092 L11.1962,12.6747 C14.0652,13.2112 15.0577,14.4447 15.0577,16.0277 C15.0577,20.6682 10.7122,21.5002 7.0647,21.5002 C4.1682,21.5002 0.3862,20.7217 0.3862,17.1002 C0.3862,15.2232 1.3767,13.6142 2.9857,12.6482 C2.6637,12.2457 2.5042,11.7902 2.5042,11.3597 C2.5042,10.3947 3.2007,9.6437 4.0062,9.2142 C3.4972,8.5707 3.0682,7.5517 3.0682,6.3717 C3.0682,2.1602 6.3387,0.1747 10.1757,0.1747 C11.5177,0.1747 12.9372,0.4167 13.9852,1.0862 L16.0537,0.6212 L18.6557,0.6212 L18.3312,3.3132 Z\" id=\"Fill-25\" mask=\"url(#mask-2)\"></path>\n          </g>\n          <path d=\"M251.54175,11.0294 C251.51675,11.2714 251.51675,11.2714 251.30225,11.2714 L247.81475,11.2714 C247.59975,11.2714 247.59975,11.2714 247.62725,11.0294 L248.10925,7.7039 C248.13625,7.4359 248.13625,7.4084 248.35075,7.4084 L251.83875,7.4084 C252.05275,7.4084 252.05275,7.4359 252.02575,7.7039 L251.54175,11.0294 Z M250.81825,28.5464 L248.99425,28.5464 C246.90175,28.5464 245.88375,27.6334 245.88375,25.7564 C245.88375,25.4619 245.91075,25.1659 245.96375,24.8169 L247.03575,17.3874 C247.06375,17.1729 247.19825,16.8509 247.41275,16.6089 L244.81075,16.6089 L245.18475,13.8999 L251.11275,13.8999 L249.55825,24.8169 C249.53125,24.9514 249.53125,25.0864 249.53125,25.1934 C249.53125,25.5154 249.66575,25.6229 250.06725,25.6229 L251.21975,25.6229 L250.81825,28.5464 Z\" id=\"Fill-28\"></path>\n          <path d=\"M266.32595,19.23835 L265.01095,28.30435 L261.44345,28.30435 L262.75845,19.23835 C262.81345,18.91635 262.83795,18.59485 262.83795,18.29935 C262.83795,17.06535 262.35695,16.26085 261.01445,16.26085 C259.91445,16.26085 258.62695,16.87685 257.58195,17.52085 L256.02445,28.30435 L252.45745,28.30435 L254.52345,13.89985 L257.47445,13.89985 L257.71645,15.21435 C259.37795,13.89985 260.71995,13.47035 262.22195,13.47035 C265.22595,13.47035 266.43345,15.37535 266.43345,17.92385 C266.43345,18.35285 266.38045,18.78185 266.32595,19.23835\" id=\"Fill-30\"></path>\n          <g id=\"Group-34\" transform=\"translate(267.000000, 13.296000)\">\n              <mask id=\"mask-4\" fill=\"white\">\n                  <use xlink:href=\"#path-3\"></use>\n              </mask>\n              <g id=\"Clip-33\"></g>\n              <path d=\"M8.0916,3.01855 C6.0531,3.01855 5.0606,3.79555 4.4691,6.31805 L10.3716,6.31805 C10.4241,5.99605 10.4516,5.70055 10.4516,5.43255 C10.4516,3.84955 9.6731,3.01855 8.0916,3.01855 M13.6971,8.83905 L4.0126,8.83905 C3.9596,9.26805 3.9326,9.64355 3.9326,9.99255 C3.9326,11.76305 4.7381,12.59505 6.7216,12.59505 C8.5731,12.59505 9.6211,11.79005 10.3961,10.60905 L13.1056,11.70905 C11.8461,14.12255 9.4861,15.43755 6.3201,15.43755 C2.2436,15.43755 0.3926,13.26455 0.3926,9.64355 C0.3926,9.05355 0.4446,8.43705 0.5271,7.79255 C1.3031,2.50805 3.6106,0.17455 8.5201,0.17455 C12.9736,0.17455 13.9916,3.31305 13.9916,5.99605 C13.9916,6.80055 13.8316,7.87355 13.6971,8.83905\" id=\"Fill-32\" mask=\"url(#mask-4)\"></path>\n          </g>\n          <path d=\"M20.60205,17.64605 C21.11355,14.75605 22.01655,12.45255 23.28405,10.79305 C24.18105,9.60555 25.17405,9.00405 26.23755,9.00405 C26.80055,9.00405 27.27705,9.22055 27.65305,9.64955 C28.01805,10.06905 28.20405,10.64605 28.20405,11.36305 C28.20405,13.02405 27.45705,14.53555 25.98455,15.86155 C24.91705,16.81355 23.20305,17.51055 20.89205,17.93305 L20.53855,17.99805 L20.60205,17.64605 Z M30.67305,21.68355 C29.37505,22.92855 28.23905,23.80705 27.31805,24.24655 C26.34905,24.70655 25.34805,24.93855 24.34355,24.93855 C23.11755,24.93855 22.12155,24.54805 21.38655,23.77655 C20.65105,23.00705 20.27805,21.90355 20.27805,20.49455 L20.37305,19.08355 L20.56855,19.05005 C24.00755,18.47005 26.60155,17.80655 28.27555,17.07555 C29.93155,16.35405 31.14005,15.49505 31.86855,14.52405 C32.59155,13.56105 32.95655,12.59155 32.95655,11.65055 C32.95655,10.50805 32.52355,9.59355 31.63105,8.84705 C30.73555,8.10155 29.44355,7.72455 27.79455,7.72455 C25.50305,7.72455 23.33455,8.25905 21.34955,9.31405 C19.36805,10.36805 17.78305,11.82905 16.64005,13.65605 C15.50005,15.48105 14.92155,17.41555 14.92155,19.40105 C14.92155,21.61755 15.60505,23.39505 16.95205,24.68005 C18.30455,25.96905 20.19355,26.62005 22.56705,26.62005 C24.25255,26.62005 25.84755,26.28155 27.30805,25.61355 C28.70455,24.97455 30.14905,23.86705 31.60805,22.37255 C31.33005,22.16805 30.87005,21.82855 30.67305,21.68355 L30.67305,21.68355 Z\" id=\"Fill-35\"></path>\n          <g id=\"Group-39\" transform=\"translate(0.000000, 2.796000)\">\n              <mask id=\"mask-6\" fill=\"white\">\n                  <use xlink:href=\"#path-5\"></use>\n              </mask>\n              <g id=\"Clip-38\"></g>\n              <path d=\"M7.2737,19.35005 C5.3202,11.70605 9.9462,3.71505 17.8897,0.06905 C17.6907,0.14055 17.5042,0.22255 17.3077,0.29605 C17.5087,0.20005 17.6882,0.11955 17.8272,0.07205 L2.9432,3.91255 L6.9112,6.26005 C1.7147,10.66105 -0.9663,16.11555 0.3187,21.14505 C2.3302,29.02005 13.3457,33.12605 25.8202,31.10805 C17.1117,31.75655 9.2257,26.99355 7.2737,19.35005\" id=\"Fill-37\" mask=\"url(#mask-6)\"></path>\n          </g>\n          <g id=\"Group-42\" transform=\"translate(23.500000, 0.296000)\">\n              <mask id=\"mask-8\" fill=\"white\">\n                  <use xlink:href=\"#path-7\"></use>\n              </mask>\n              <g id=\"Clip-41\"></g>\n              <path d=\"M18.65285,12.4697 C20.60635,20.1147 15.98135,28.1052 8.03735,31.7517 C8.23585,31.6797 8.42235,31.5977 8.61885,31.5232 C8.41785,31.6212 8.23835,31.7002 8.09935,31.7482 L22.98335,27.9087 L19.01585,25.5612 C24.21185,21.1597 26.89285,15.7042 25.60835,10.6747 C23.59635,2.8027 12.58085,-1.3053 0.10635,0.7142 C8.81435,0.0637 16.70135,4.8267 18.65285,12.4697\" id=\"Fill-40\" mask=\"url(#mask-8)\"></path>\n          </g>\n      </g>\n    </g>\n  </svg>\n</div>\n				<div class=\"panel warn\">\n  <div class=\"panel-heading\" style=\"text-align: center;\">\n    <h3>ExpressionEngine has been installed!</h3>\n  </div>\n  <div class=\"panel-body\">\n    <div class=\"updater-msg\">\n  		<p style=\"margin-bottom: 20px;\">If you see this message, then everything went well.</p>\n\n  		<div class=\"alert alert--attention\">\n            <div class=\"alert__icon\">\n              <i class=\"fal fa-info-circle fa-fw\"></i>\n            </div>\n            <div class=\"alert__content\">\n    			<p>If you are site owner, please login into your Control Panel and create your first template.</p>\n    		</div>\n  		</div>\n  		<div class=\"alert alert--attention\">\n            <div class=\"alert__icon\">\n              <i class=\"fal fa-info-circle fa-fw\"></i>\n            </div>\n            <div class=\"alert__content\">\n    			<p>If this is your first time using ExpressionEngine CMS, make sure to <a href=\"https://docs.expressionengine.com/latest/getting-started/the-big-picture.html\">check out the documentation</a> to get started.</p>\n    		</div>\n  		</div>\n  	</div>\n  </div>\n  <div class=\"panel-footer\">\n\n  </div>\n</div>\n			</div>\n			<section class=\"bar\">\n				<p style=\"float: left;\"><a href=\"https://expressionengine.com/\" rel=\"external\"><b>ExpressionEngine</b></a></p>\n				<p style=\"float: right;\">&copy;2023 <a href=\"https://packettide.com/\" rel=\"external\">Packet Tide</a>, LLC</p>\n			</section>\n		</section>\n\n	</body>\n</html>', NULL, 1720374605, 0),
	(4, 1, 'y', 'mfa_template', '', 'system', NULL, '<!doctype html>\n        <html dir=\"ltr\">\n            <head>\n                <title>{title}</title>\n                <meta http-equiv=\"content-type\" content=\"text/html; charset={charset}\">\n                <meta content=\"width=device-width, initial-scale=1.0, maximum-scale=1.0, user-scalable=no\"  name=\"viewport\">\n                <meta name=\"referrer\" content=\"no-referrer\">\n                {meta_refresh}\n                <style type=\"text/css\">\n        :root, body {\n            --ee-panel-bg: #fff;\n            --ee-panel-border: #dfe0ef;\n            --ee-text-normal: #0d0d19;\n            --ee-text-secondary: #8f90b0;\n            --ee-main-bg: #f7f7fb;\n            --ee-link: #5D63F1;\n            --ee-link-hover: #171feb;\n            --ee-bg-blank: #fff;\n            --ee-code-border: #dfe0ef;\n\n            --ee-input-color: #0d0d19;\n            --ee-input-bg: #fff;\n            --ee-input-placeholder: #adaec5;\n            --ee-input-border: #cbcbda;\n            --ee-input-border-accent: #ecedf5;\n            --ee-input-focus-border: #5D63F1;\n            --ee-input-focus-shadow: 0 3px 6px -3px rgba(174,151,255,0.14),0 5px 10px -3px rgba(97,114,242,0.05);\n            --ee-button-primary-color: #fff;\n            --ee-button-primary-bg: #5D63F1;\n            --ee-button-primary-border: #5D63F1;\n\n            --ee-bg-0: #f7f7fb;\n            --ee-border: #dfe0ef;\n            --ee-error: #FA5252;\n            --ee-error-light: #fee7e7;\n            --ee-warning: #FFB40B;\n            --ee-warning-light: #fff6e1;\n        }\n\n        @font-face{font-family:Roboto;font-style:normal;font-weight:400;src:url({url_themes}webfonts/roboto-v20-latin-regular.eot);src:local(\"Roboto\"),local(\"Roboto-Regular\"),url({url_themes}webfonts/roboto-v20-latin-regular.eot?#iefix) format(\"embedded-opentype\"),url({url_themes}webfonts/roboto-v20-latin-regular.woff2) format(\"woff2\"),url({url_themes}webfonts/roboto-v20-latin-regular.woff) format(\"woff\"),url({url_themes}webfonts/roboto-v20-latin-regular.ttf) format(\"truetype\"),url({url_themes}webfonts/roboto-v20-latin-regular.svg#Roboto) format(\"svg\")}@font-face{font-family:Roboto;font-style:italic;font-weight:400;src:url({url_themes}webfonts/roboto-v20-latin-italic.eot);src:local(\"Roboto Italic\"),local(\"Roboto-Italic\"),url({url_themes}webfonts/roboto-v20-latin-italic.eot?#iefix) format(\"embedded-opentype\"),url({url_themes}webfonts/roboto-v20-latin-italic.woff2) format(\"woff2\"),url({url_themes}webfonts/roboto-v20-latin-italic.woff) format(\"woff\"),url({url_themes}webfonts/roboto-v20-latin-italic.ttf) format(\"truetype\"),url({url_themes}webfonts/roboto-v20-latin-italic.svg#Roboto) format(\"svg\")}@font-face{font-family:Roboto;font-style:normal;font-weight:500;src:url({url_themes}webfonts/roboto-v20-latin-500.eot);src:local(\"Roboto Medium\"),local(\"Roboto-Medium\"),url({url_themes}webfonts/roboto-v20-latin-500.eot?#iefix) format(\"embedded-opentype\"),url({url_themes}webfonts/roboto-v20-latin-500.woff2) format(\"woff2\"),url({url_themes}webfonts/roboto-v20-latin-500.woff) format(\"woff\"),url({url_themes}webfonts/roboto-v20-latin-500.ttf) format(\"truetype\"),url({url_themes}webfonts/roboto-v20-latin-500.svg#Roboto) format(\"svg\")}@font-face{font-family:Roboto;font-style:italic;font-weight:500;src:url({url_themes}webfonts/roboto-v20-latin-500italic.eot);src:local(\"Roboto Medium Italic\"),local(\"Roboto-MediumItalic\"),url({url_themes}webfonts/roboto-v20-latin-500italic.eot?#iefix) format(\"embedded-opentype\"),url({url_themes}webfonts/roboto-v20-latin-500italic.woff2) format(\"woff2\"),url({url_themes}webfonts/roboto-v20-latin-500italic.woff) format(\"woff\"),url({url_themes}webfonts/roboto-v20-latin-500italic.ttf) format(\"truetype\"),url({url_themes}webfonts/roboto-v20-latin-500italic.svg#Roboto) format(\"svg\")}@font-face{font-family:Roboto;font-style:normal;font-weight:700;src:url({url_themes}webfonts/roboto-v20-latin-700.eot);src:local(\"Roboto Bold\"),local(\"Roboto-Bold\"),url({url_themes}webfonts/roboto-v20-latin-700.eot?#iefix) format(\"embedded-opentype\"),url({url_themes}webfonts/roboto-v20-latin-700.woff2) format(\"woff2\"),url({url_themes}webfonts/roboto-v20-latin-700.woff) format(\"woff\"),url({url_themes}webfonts/roboto-v20-latin-700.ttf) format(\"truetype\"),url({url_themes}webfonts/roboto-v20-latin-700.svg#Roboto) format(\"svg\")}@font-face{font-family:Roboto;font-style:italic;font-weight:700;src:url({url_themes}webfonts/roboto-v20-latin-700italic.eot);src:local(\"Roboto Bold Italic\"),local(\"Roboto-BoldItalic\"),url({url_themes}webfonts/roboto-v20-latin-700italic.eot?#iefix) format(\"embedded-opentype\"),url({url_themes}webfonts/roboto-v20-latin-700italic.woff2) format(\"woff2\"),url({url_themes}webfonts/roboto-v20-latin-700italic.woff) format(\"woff\"),url({url_themes}webfonts/roboto-v20-latin-700italic.ttf) format(\"truetype\"),url({url_themes}webfonts/roboto-v20-latin-700italic.svg#Roboto) format(\"svg\")}\n        @font-face{font-family:\'Font Awesome 5 Free\';font-style:normal;font-weight:900;font-display:auto;src:url({url_themes}webfonts/fa-solid-900.eot);src:url({url_themes}webfonts/fa-solid-900.eot?#iefix) format(\"embedded-opentype\"),url({url_themes}webfonts/fa-solid-900.woff2) format(\"woff2\"),url({url_themes}webfonts/fa-solid-900.woff) format(\"woff\"),url({url_themes}webfonts/fa-solid-900.ttf) format(\"truetype\"),url({url_themes}webfonts/fa-solid-900.svg#fontawesome) format(\"svg\")}\n\n        *, :after, :before {\n            box-sizing: inherit;\n        }\n\n        html {\n            box-sizing: border-box;\n            font-size: 15px;\n            height: 100%;\n            line-height: 1.15;\n        }\n\n        body {\n            font-family: -apple-system, BlinkMacSystemFont, segoe ui, helvetica neue, helvetica, Cantarell, Ubuntu, roboto, noto, arial, sans-serif;\n            height: 100%;\n            font-size: 1rem;\n            line-height: 1.6;\n            color: var(--ee-text-normal);\n            background: var(--ee-main-bg);\n            -webkit-font-smoothing: antialiased;\n            margin: 0;\n        }\n\n        .panel {\n            margin-bottom: 20px;\n            background-color: var(--ee-panel-bg);\n            border: 1px solid var(--ee-panel-border);\n            border-radius: 6px;\n        }\n        .redirect {\n            max-width: 700px;\n            min-width: 350px;\n            position: absolute;\n            left: 50%;\n            top: 0;\n            transform: translate(-50%);\n            height: 100vh;\n            overflow-y: auto;\n            background: transparent;\n            border: none;\n            border-radius: 0;\n            display: flex;\n        }\n\n        .redirect-inner {\n          background-color: var(--ee-panel-bg);\n          border: 1px solid var(--ee-panel-border);\n          border-radius: 6px;\n          height: auto;\n          margin-top: auto;\n          margin-bottom: auto;\n        }\n\n        .redirect-inner .qr-code-wrap {\n            text-align: center;\n        }\n\n        .panel-heading {\n            padding: 20px 25px;\n            position: relative;\n        }\n\n        .panel-body {\n            padding: 20px 25px;\n        }\n\n        .panel-body:after, .panel-body:before {\n            content: \" \";\n            display: table;\n        }\n\n        .redirect p {\n            margin-bottom: 20px;\n        }\n        p {\n            line-height: 1.6;\n        }\n        a, blockquote, code, h1, h2, h3, h4, h5, h6, ol, p, pre, ul {\n            color: inherit;\n            margin: 0;\n            padding: 0;\n            font-weight: inherit;\n        }\n\n        code {\n            font-size: inherit;\n            margin: 0 2px;\n            padding: 3px 6px;\n            border-radius: 5px;\n            border: 1px solid var(--ee-code-border);\n            background-color: var(--ee-bg-blank);\n            font-size: .96em;\n            white-space: normal;\n        }\n\n        a {\n            color: var(--ee-link);\n            text-decoration: none;\n            -webkit-transition: color .15s ease-in-out;\n            -moz-transition: color .15s ease-in-out;\n            -o-transition: color .15s ease-in-out;\n        }\n\n        a:hover {\n            color: var(--ee-link-hover);\n        }\n\n        h3 {\n            font-size: 1.35em;\n            font-weight: 500;\n        }\n\n        ol, ul {\n            padding-left: 0;\n        }\n\n        ol li, ul li {\n            list-style-position: inside;\n        }\n\n        .panel-footer {\n            padding: 20px 25px;\n            position: relative;\n        }\n\n        fieldset {\n            margin: 0;\n            padding: 0;\n            margin-bottom: 20px;\n            border: 0;\n        }\n\n        fieldset.last {\n            margin-bottom: 0;\n        }\n\n        .field-instruct {\n            margin-bottom: 5px;\n        }\n\n        .field-instruct label {\n            display: block;\n            color: var(--ee-text-normal);\n            margin-bottom: 5px;\n            font-weight: 500;\n        }\n\n        .field-instruct :last-child {\n            margin-bottom: 0;\n        }\n\n        .field-instruct em {\n            color: var(--ee-text-secondary);\n            display: block;\n            font-size: .8rem;\n            font-style: normal;\n            margin-bottom: 10px;\n        }\n\n        .field-instruct label+em {\n            margin-top: -5px;\n        }\n\n        button, input, optgroup, select, textarea {\n            font-family: inherit;\n            font-size: 100%;\n            line-height: 1.15;\n            margin: 0;\n        }\n\n        input[type=text], input[type=password] {\n            display: block;\n            width: 100%;\n            padding: 8px 15px;\n            font-size: 1rem;\n            line-height: 1.6;\n            color: var(--ee-input-color);\n            background-color: var(--ee-input-bg);\n            background-image: none;\n            transition: border-color .2s ease,box-shadow .2s ease;\n            -webkit-appearance: none;\n            border: 1px solid var(--ee-input-border);\n            border-radius: 5px;\n        }\n\n        input[type=text]:focus, input[type=password]:focus {\n            border-color: var(--ee-input-focus-border);\n        }\n\n        input:focus {\n            outline: 0;\n        }\n\n        .button {\n            -webkit-appearance: none;\n            display: inline-block;\n            font-weight: 500;\n            text-align: center;\n            vertical-align: middle;\n            touch-action: manipulation;\n            background-image: none;\n            cursor: pointer;\n            border: 1px solid transparent;\n            white-space: nowrap;\n            -webkit-transition: background-color .15s ease-in-out;\n            -moz-transition: background-color .15s ease-in-out;\n            -o-transition: background-color .15s ease-in-out;\n            -webkit-user-select: none;\n            -moz-user-select: none;\n            -ms-user-select: none;\n            user-select: none;\n            padding: 8px 20px!important;\n            font-size: 1rem;\n            line-height: 1.6;\n            border-radius: 5px;\n        }\n\n        .button--wide {\n            display: block;\n            width: 100%;\n        }\n\n        .button--large {\n            padding: 10px 25px!important;\n            font-size: 1.2rem;\n            line-height: 1.7;\n            border-radius: 6px;\n        }\n\n        .button--primary {\n            color: var(--ee-button-primary-color);\n            background-color: var(--ee-button-primary-bg);\n            border-color: var(--ee-button-primary-border);\n        }\n\n        .button.disabled {\n            cursor: not-allowed;\n            opacity: .55;\n            box-shadow: none;\n        }\n\n        .app-notice {\n            border: 1px solid var(--ee-border);\n            overflow: hidden;\n            background-color: var(--ee-bg-0);\n            border-radius: 5px;\n            display: flex;\n            margin-bottom: 20px;\n        }\n\n        .app-notice---error {\n            border-color: var(--ee-error);\n            background-color: var(--ee-error-light);\n        }\n\n        .app-notice---error .app-notice__tag {\n            color: var(--ee-error);\n        }\n\n        .app-notice---important {\n            border-color: var(--ee-warning);\n            background-color: var(--ee-warning-light);\n        }\n\n        .app-notice---important .app-notice__tag {\n            color: var(--ee-warning);\n        }\n\n        .app-notice__tag {\n            padding: 15px 20px;\n            display: flex;\n            align-items: center;\n            justify-content: center;\n            font-size: 16px;\n        }\n\n        .app-notice__icon {\n            position: relative;\n        }\n\n        .app-notice__icon::before {\n            font-family: \'Font Awesome 5 Free\';\n            font-weight: 900;\n            content: \"\\\\f06a\";\n            position: relative;\n            z-index: 2;\n        }\n\n        .app-notice---error .app-notice__icon::after {\n            background: var(--ee-error-light);\n        }\n\n        .app-notice__tag+.app-notice__content {\n            padding-left: 0;\n        }\n\n        .app-notice__content {\n            flex: 1 1;\n            padding: 15px 20px;\n        }\n\n        .app-notice__content p {\n            margin: 0;\n            color: var(--ee-text-primary);\n            opacity: .6;\n        }\n\n                </style>\n            </head>\n            <body>\n                <section class=\"flex-wrap\">\n                    <section class=\"wrap\">\n                        <div class=\"panel redirect\">\n                            <div class=\"redirect-inner\">\n                                <div class=\"panel-heading\">\n                                    <h3>{heading}</h3>\n                                </div>\n                                <div class=\"panel-body\">\n                                    {content}\n                                </div>\n                                <div class=\"panel-footer\">\n                                    {link}\n                                </div>\n                            </div>\n                        </div>\n                    </section>\n                </section>\n            </body>\n        </html>', NULL, 1720374605, 0),
	(5, 1, 'y', 'admin_notify_reg', 'Notification of new member registration', 'email', 'members', 'New member registration site: {site_name}\n\nScreen name: {name}\nUser name: {username}\nEmail: {email}\n\nYour control panel URL: {control_panel_url}', NULL, 1720374605, 0),
	(6, 1, 'y', 'admin_notify_entry', 'A new channel entry has been posted', 'email', 'content', 'A new entry has been posted in the following channel:\n{channel_name}\n\nThe title of the entry is:\n{entry_title}\n\nPosted by: {name}\nEmail: {email}\n\nTo read the entry please visit:\n{entry_url}\n', NULL, 1720374605, 0),
	(7, 1, 'y', 'admin_notify_comment', 'You have just received a comment', 'email', 'comments', 'You have just received a comment for the following channel:\n{channel_name}\n\nThe title of the entry is:\n{entry_title}\n\nLocated at:\n{comment_url}\n\nPosted by: {name}\nEmail: {email}\nURL: {url}\nLocation: {location}\n\n{comment}', NULL, 1720374605, 0),
	(8, 1, 'y', 'mbr_activation_instructions', 'Enclosed is your activation code', 'email', 'members', 'Thank you for your new member registration.\n\nTo activate your new account, please visit the following URL:\n\n{unwrap}{activation_url}{/unwrap}\n\nThank You!\n\n{site_name}\n\n{site_url}', NULL, 1720374605, 0),
	(9, 1, 'y', 'forgot_password_instructions', 'Login information', 'email', 'members', 'To reset your password, please go to the following page:\n\n{reset_url}\n\nThen log in with your username: {username}\n\nIf you do not wish to reset your password, ignore this message. It will expire in 24 hours.\n\n{site_name}\n{site_url}', NULL, 1720374605, 0),
	(10, 1, 'y', 'password_changed_notification', 'Password changed', 'email', 'members', 'Your password was just changed.\n\nIf you didn\'t make this change yourself, please contact an administrator right away.\n\n{site_name}\n{site_url}', NULL, 1720374605, 0),
	(11, 1, 'y', 'forgot_username_instructions', 'Username information', 'email', 'members', 'Your username is: {username}\n\nIf you didn\'t request your username yourself, please contact an administrator right away.\n\n{site_name}\n{site_url}', NULL, 1720374605, 0),
	(12, 1, 'y', 'email_changed_notification', 'Email address changed', 'email', 'members', 'Your email address has been changed, and this email address is no longer associated with your account.\n\nIf you didn\'t make this change yourself, please contact an administrator right away.\n\n{site_name}\n{site_url}', NULL, 1720374605, 0),
	(13, 1, 'y', 'validated_member_notify', 'Your membership account has been activated', 'email', 'members', 'Your membership account has been activated and is ready for use.\n\nThank You!\n\n{site_name}\n{site_url}', NULL, 1720374605, 0),
	(14, 1, 'y', 'decline_member_validation', 'Your membership account has been declined', 'email', 'members', 'We\'re sorry but our staff has decided not to validate your membership.\n\n{site_name}\n{site_url}', NULL, 1720374605, 0),
	(15, 1, 'y', 'comment_notification', 'Someone just responded to your comment', 'email', 'comments', '{name_of_commenter} just responded to the entry you subscribed to at:\n{channel_name}\n\nThe title of the entry is:\n{entry_title}\n\nYou can see the comment at the following URL:\n{comment_url}\n\n{comment}\n\nTo stop receiving notifications for this comment, click here:\n{notification_removal_url}', NULL, 1720374605, 0),
	(16, 1, 'y', 'comments_opened_notification', 'New comments have been added', 'email', 'comments', 'Responses have been added to the entry you subscribed to at:\n{channel_name}\n\nThe title of the entry is:\n{entry_title}\n\nYou can see the comments at the following URL:\n{comment_url}\n\n{comments}\n{comment}\n{/comments}\n\nTo stop receiving notifications for this entry, click here:\n{notification_removal_url}', NULL, 1720374605, 0),
	(17, 1, 'y', 'private_message_notification', 'Someone has sent you a Private Message', 'email', 'private_messages', '\n{recipient_name},\n\n{sender_name} has just sent you a Private Message titled {message_subject}.\n\nYou can see the Private Message by logging in and viewing your inbox at:\n{site_url}\n\nContent:\n\n{message_content}\n\nTo stop receiving notifications of Private Messages, turn the option off in your Email Settings.\n\n{site_name}\n{site_url}', NULL, 1720374605, 0),
	(18, 1, 'y', 'pm_inbox_full', 'Your private message mailbox is full', 'email', 'private_messages', '{recipient_name},\n\n{sender_name} has just attempted to send you a Private Message,\nbut your inbox is full, exceeding the maximum of {pm_storage_limit}.\n\nPlease log in and remove unwanted messages from your inbox at:\n{site_url}', NULL, 1720374605, 0);

INSERT INTO `expmc_stats` (`stat_id`, `site_id`, `total_members`, `recent_member_id`, `recent_member`, `total_entries`, `total_forum_topics`, `total_forum_posts`, `total_comments`, `last_entry_date`, `last_forum_post_date`, `last_comment_date`, `last_visitor_date`, `most_visitors`, `most_visitor_date`, `last_cache_clear`) VALUES 
	(1, 1, 1, 1, 'deve', 5, 0, 0, 0, 1720397160, 0, 0, 0, 0, 0, 1720980563);

INSERT INTO `expmc_statuses` (`status_id`, `status`, `status_order`, `highlight`) VALUES 
	(1, 'open', 1, '009933'),
	(2, 'closed', 2, '990000'),
	(3, 'Default Page', 3, '2051B3');

INSERT INTO `expmc_statuses_roles` (`role_id`, `status_id`) VALUES 
	(5, 1),
	(6, 1),
	(5, 2),
	(6, 2),
	(6, 3);

INSERT INTO `expmc_structure` (`site_id`, `entry_id`, `parent_id`, `channel_id`, `listing_cid`, `lft`, `rgt`, `dead`, `hidden`, `structure_url_title`, `template_id`, `updated`) VALUES 
	(0, 0, 0, 6, 0, 1, 8, 'root', 'n', NULL, 0, '2024-07-07 19:57:07'),
	(1, 13, 0, 4, 0, 2, 3, '', 'n', 'home', 9, NULL),
	(1, 14, 0, 5, 6, 4, 5, '', 'n', 'about', 10, NULL),
	(1, 16, 0, 7, 10, 6, 7, '', 'n', 'classes', 25, NULL);

INSERT INTO `expmc_structure_channels` (`site_id`, `channel_id`, `template_id`, `type`, `split_assets`, `show_in_page_selector`) VALUES 
	(1, 4, 9, 'page', 'n', 'y'),
	(1, 5, 10, 'page', 'n', 'y'),
	(1, 6, 35, 'listing', 'n', 'y'),
	(1, 7, 25, 'page', 'n', 'y'),
	(1, 8, 0, 'unmanaged', 'n', 'y'),
	(1, 9, 0, 'unmanaged', 'n', 'y'),
	(1, 10, 38, 'page', 'n', 'y'),
	(1, 11, 0, 'unmanaged', 'n', 'y');

INSERT INTO `expmc_structure_listings` (`site_id`, `entry_id`, `parent_id`, `channel_id`, `template_id`, `uri`) VALUES 
	(1, 15, 14, 6, 35, 'proof'),
	(1, 18, 16, 10, 38, 'taekwondo');

INSERT INTO `expmc_structure_members` (`member_id`, `site_id`, `nav_state`) VALUES 
	(1, 1, 'false');

INSERT INTO `expmc_structure_nav_history` (`id`, `site_id`, `site_pages`, `structure`, `note`, `structure_version`, `date`, `current`, `restored_date`) VALUES 
	(1, 1, 'YToxOntpOjE7YTozOntzOjM6InVybCI7czoyMToie2Jhc2VfdXJsfS9pbmRleC5waHAvIjtzOjQ6InVyaXMiO2E6MTp7aToxMztzOjY6Ii9ob21lLyI7fXM6OToidGVtcGxhdGVzIjthOjE6e2k6MTM7aTo5O319fQ==', '[{\"site_id\":1,\"entry_id\":13,\"parent_id\":0,\"channel_id\":4,\"listing_cid\":0,\"lft\":2,\"rgt\":3,\"dead\":\"\",\"hidden\":\"n\",\"structure_url_title\":\"home\",\"template_id\":9,\"updated\":null}]', 'Post saving entry  \"Home\"', '6.0.0', '2024-07-07 14:43:31', 0, NULL),
	(2, 1, 'YToxOntpOjE7YTozOntzOjM6InVybCI7czoxMToie2Jhc2VfdXJsfS8iO3M6NDoidXJpcyI7YToyOntpOjEzO3M6NjoiL2hvbWUvIjtpOjE0O3M6NzoiL2Fib3V0LyI7fXM6OToidGVtcGxhdGVzIjthOjI6e2k6MTM7aTo5O2k6MTQ7aToxMDt9fX0=', '[{\"site_id\":1,\"entry_id\":13,\"parent_id\":0,\"channel_id\":4,\"listing_cid\":0,\"lft\":2,\"rgt\":3,\"dead\":\"\",\"hidden\":\"n\",\"structure_url_title\":\"home\",\"template_id\":9,\"updated\":null},{\"site_id\":1,\"entry_id\":14,\"parent_id\":0,\"channel_id\":5,\"listing_cid\":0,\"lft\":4,\"rgt\":5,\"dead\":\"\",\"hidden\":\"n\",\"structure_url_title\":\"about\",\"template_id\":10,\"updated\":null}]', 'Post saving entry  \"About\"', '6.0.0', '2024-07-07 14:56:38', 0, NULL),
	(3, 1, 'YToxOntpOjE7YTozOntzOjM6InVybCI7czoxMToie2Jhc2VfdXJsfS8iO3M6NDoidXJpcyI7YTozOntpOjEzO3M6NjoiL2hvbWUvIjtpOjE0O3M6NzoiL2Fib3V0LyI7aToxNjtzOjExOiIvdGFla3dvbmRvLyI7fXM6OToidGVtcGxhdGVzIjthOjM6e2k6MTM7aTo5O2k6MTQ7aToxMDtpOjE2O2k6MjU7fX19', '[{\"site_id\":1,\"entry_id\":13,\"parent_id\":0,\"channel_id\":4,\"listing_cid\":0,\"lft\":2,\"rgt\":3,\"dead\":\"\",\"hidden\":\"n\",\"structure_url_title\":\"home\",\"template_id\":9,\"updated\":null},{\"site_id\":1,\"entry_id\":14,\"parent_id\":0,\"channel_id\":5,\"listing_cid\":0,\"lft\":4,\"rgt\":5,\"dead\":\"\",\"hidden\":\"n\",\"structure_url_title\":\"about\",\"template_id\":10,\"updated\":null},{\"site_id\":1,\"entry_id\":16,\"parent_id\":0,\"channel_id\":7,\"listing_cid\":0,\"lft\":6,\"rgt\":7,\"dead\":\"\",\"hidden\":\"n\",\"structure_url_title\":\"taekwondo\",\"template_id\":25,\"updated\":null}]', 'Post saving entry  \"Taekwondo\"', '6.0.0', '2024-07-07 15:31:29', 0, NULL),
	(4, 1, 'YToxOntpOjE7YTozOntzOjM6InVybCI7czoxMToie2Jhc2VfdXJsfS8iO3M6NDoidXJpcyI7YTozOntpOjEzO3M6NjoiL2hvbWUvIjtpOjE0O3M6NzoiL2Fib3V0LyI7aToxNjtzOjExOiIvdGFla3dvbmRvLyI7fXM6OToidGVtcGxhdGVzIjthOjM6e2k6MTM7aTo5O2k6MTQ7aToxMDtpOjE2O2k6MjU7fX19', '[{\"site_id\":1,\"entry_id\":13,\"parent_id\":0,\"channel_id\":4,\"listing_cid\":0,\"lft\":2,\"rgt\":3,\"dead\":\"\",\"hidden\":\"n\",\"structure_url_title\":\"home\",\"template_id\":9,\"updated\":null},{\"site_id\":1,\"entry_id\":14,\"parent_id\":0,\"channel_id\":5,\"listing_cid\":0,\"lft\":4,\"rgt\":5,\"dead\":\"\",\"hidden\":\"n\",\"structure_url_title\":\"about\",\"template_id\":10,\"updated\":null},{\"site_id\":1,\"entry_id\":16,\"parent_id\":0,\"channel_id\":7,\"listing_cid\":0,\"lft\":6,\"rgt\":7,\"dead\":\"\",\"hidden\":\"n\",\"structure_url_title\":\"taekwondo\",\"template_id\":25,\"updated\":null}]', 'Post saving entry  \"Taekwondo\"', '6.0.0', '2024-07-07 15:34:31', 0, NULL),
	(5, 1, 'YToxOntpOjE7YTozOntzOjM6InVybCI7czoxMToie2Jhc2VfdXJsfS8iO3M6NDoidXJpcyI7YTozOntpOjEzO3M6NjoiL2hvbWUvIjtpOjE0O3M6NzoiL2Fib3V0LyI7aToxNjtzOjExOiIvdGFla3dvbmRvLyI7fXM6OToidGVtcGxhdGVzIjthOjM6e2k6MTM7aTo5O2k6MTQ7aToxMDtpOjE2O2k6Mzg7fX19', '[{\"site_id\":1,\"entry_id\":13,\"parent_id\":0,\"channel_id\":4,\"listing_cid\":0,\"lft\":2,\"rgt\":3,\"dead\":\"\",\"hidden\":\"n\",\"structure_url_title\":\"home\",\"template_id\":9,\"updated\":null},{\"site_id\":1,\"entry_id\":14,\"parent_id\":0,\"channel_id\":5,\"listing_cid\":0,\"lft\":4,\"rgt\":5,\"dead\":\"\",\"hidden\":\"n\",\"structure_url_title\":\"about\",\"template_id\":10,\"updated\":null},{\"site_id\":1,\"entry_id\":16,\"parent_id\":0,\"channel_id\":7,\"listing_cid\":10,\"lft\":6,\"rgt\":7,\"dead\":\"\",\"hidden\":\"n\",\"structure_url_title\":\"taekwondo\",\"template_id\":38,\"updated\":null}]', 'Post saving entry  \"Taekwondo\"', '6.0.0', '2024-07-07 19:52:16', 0, NULL),
	(6, 1, 'YToxOntpOjE7YTozOntzOjM6InVybCI7czoxMToie2Jhc2VfdXJsfS8iO3M6NDoidXJpcyI7YTozOntpOjEzO3M6NjoiL2hvbWUvIjtpOjE0O3M6NzoiL2Fib3V0LyI7aToxNjtzOjk6Ii9jbGFzc2VzLyI7fXM6OToidGVtcGxhdGVzIjthOjM6e2k6MTM7aTo5O2k6MTQ7aToxMDtpOjE2O2k6MjU7fX19', '[{\"site_id\":1,\"entry_id\":13,\"parent_id\":0,\"channel_id\":4,\"listing_cid\":0,\"lft\":2,\"rgt\":3,\"dead\":\"\",\"hidden\":\"n\",\"structure_url_title\":\"home\",\"template_id\":9,\"updated\":null},{\"site_id\":1,\"entry_id\":14,\"parent_id\":0,\"channel_id\":5,\"listing_cid\":0,\"lft\":4,\"rgt\":5,\"dead\":\"\",\"hidden\":\"n\",\"structure_url_title\":\"about\",\"template_id\":10,\"updated\":null},{\"site_id\":1,\"entry_id\":16,\"parent_id\":0,\"channel_id\":7,\"listing_cid\":10,\"lft\":6,\"rgt\":7,\"dead\":\"\",\"hidden\":\"n\",\"structure_url_title\":\"classes\",\"template_id\":25,\"updated\":null}]', 'Post saving entry  \"Classes\"', '6.0.0', '2024-07-07 19:54:02', 0, NULL),
	(7, 1, 'YToxOntpOjE7YTozOntzOjM6InVybCI7czoxMToie2Jhc2VfdXJsfS8iO3M6NDoidXJpcyI7YTo0OntpOjEzO3M6NToiL2hvbWUiO2k6MTQ7czo2OiIvYWJvdXQiO2k6MTY7czo4OiIvY2xhc3NlcyI7aToxNztzOjE4OiIvY2xhc3Nlcy90YWVrd29uZG8iO31zOjk6InRlbXBsYXRlcyI7YTo0OntpOjEzO2k6OTtpOjE0O2k6MTA7aToxNjtpOjI1O2k6MTc7aTozODt9fX0=', '[{\"site_id\":1,\"entry_id\":13,\"parent_id\":0,\"channel_id\":4,\"listing_cid\":0,\"lft\":2,\"rgt\":3,\"dead\":\"\",\"hidden\":\"n\",\"structure_url_title\":\"home\",\"template_id\":9,\"updated\":null},{\"site_id\":1,\"entry_id\":14,\"parent_id\":0,\"channel_id\":5,\"listing_cid\":0,\"lft\":4,\"rgt\":5,\"dead\":\"\",\"hidden\":\"n\",\"structure_url_title\":\"about\",\"template_id\":10,\"updated\":null},{\"site_id\":1,\"entry_id\":16,\"parent_id\":0,\"channel_id\":7,\"listing_cid\":10,\"lft\":6,\"rgt\":7,\"dead\":\"\",\"hidden\":\"n\",\"structure_url_title\":\"classes\",\"template_id\":25,\"updated\":null}]', 'Post saving entry  \"Taekwondo\"', '6.0.0', '2024-07-07 19:56:10', 0, NULL),
	(8, 1, 'YToxOntpOjE7YTozOntzOjM6InVybCI7czoxMToie2Jhc2VfdXJsfS8iO3M6NDoidXJpcyI7YTo0OntpOjEzO3M6NToiL2hvbWUiO2k6MTQ7czo2OiIvYWJvdXQiO2k6MTY7czo4OiIvY2xhc3NlcyI7aToxNztzOjE4OiIvY2xhc3Nlcy90YWVrd29uZG8iO31zOjk6InRlbXBsYXRlcyI7YTo0OntpOjEzO2k6OTtpOjE0O2k6MTA7aToxNjtpOjI1O2k6MTc7aTozODt9fX0=', '[{\"site_id\":1,\"entry_id\":13,\"parent_id\":0,\"channel_id\":4,\"listing_cid\":0,\"lft\":2,\"rgt\":3,\"dead\":\"\",\"hidden\":\"n\",\"structure_url_title\":\"home\",\"template_id\":9,\"updated\":null},{\"site_id\":1,\"entry_id\":14,\"parent_id\":0,\"channel_id\":5,\"listing_cid\":0,\"lft\":4,\"rgt\":5,\"dead\":\"\",\"hidden\":\"n\",\"structure_url_title\":\"about\",\"template_id\":10,\"updated\":null},{\"site_id\":1,\"entry_id\":16,\"parent_id\":0,\"channel_id\":7,\"listing_cid\":10,\"lft\":6,\"rgt\":7,\"dead\":\"\",\"hidden\":\"n\",\"structure_url_title\":\"classes\",\"template_id\":25,\"updated\":null}]', 'Post Ajax Reorder', '6.0.0', '2024-07-07 19:57:07', 0, NULL),
	(9, 1, 'YToxOntpOjE7YTozOntzOjM6InVybCI7czoxMToie2Jhc2VfdXJsfS8iO3M6NDoidXJpcyI7YTozOntpOjEzO3M6NjoiL2hvbWUvIjtpOjE0O3M6NzoiL2Fib3V0LyI7aToxNjtzOjk6Ii9jbGFzc2VzLyI7fXM6OToidGVtcGxhdGVzIjthOjM6e2k6MTM7aTo5O2k6MTQ7aToxMDtpOjE2O2k6MjU7fX19', '[{\"site_id\":1,\"entry_id\":13,\"parent_id\":0,\"channel_id\":4,\"listing_cid\":0,\"lft\":2,\"rgt\":3,\"dead\":\"\",\"hidden\":\"n\",\"structure_url_title\":\"home\",\"template_id\":9,\"updated\":null},{\"site_id\":1,\"entry_id\":14,\"parent_id\":0,\"channel_id\":5,\"listing_cid\":0,\"lft\":4,\"rgt\":5,\"dead\":\"\",\"hidden\":\"n\",\"structure_url_title\":\"about\",\"template_id\":10,\"updated\":null},{\"site_id\":1,\"entry_id\":16,\"parent_id\":0,\"channel_id\":7,\"listing_cid\":10,\"lft\":6,\"rgt\":7,\"dead\":\"\",\"hidden\":\"n\",\"structure_url_title\":\"classes\",\"template_id\":25,\"updated\":null}]', 'Post Deleting Entries  -- entry_idsArray\n(\n    [0] => 17\n)\n', '6.0.0', '2024-07-07 20:05:58', 0, NULL),
	(10, 1, 'YToxOntpOjE7YTozOntzOjM6InVybCI7czoxMToie2Jhc2VfdXJsfS8iO3M6NDoidXJpcyI7YTo0OntpOjEzO3M6NToiL2hvbWUiO2k6MTQ7czo2OiIvYWJvdXQiO2k6MTY7czo4OiIvY2xhc3NlcyI7aToxODtzOjE4OiIvY2xhc3Nlcy90YWVrd29uZG8iO31zOjk6InRlbXBsYXRlcyI7YTo0OntpOjEzO2k6OTtpOjE0O2k6MTA7aToxNjtpOjI1O2k6MTg7aTozODt9fX0=', '[{\"site_id\":1,\"entry_id\":13,\"parent_id\":0,\"channel_id\":4,\"listing_cid\":0,\"lft\":2,\"rgt\":3,\"dead\":\"\",\"hidden\":\"n\",\"structure_url_title\":\"home\",\"template_id\":9,\"updated\":null},{\"site_id\":1,\"entry_id\":14,\"parent_id\":0,\"channel_id\":5,\"listing_cid\":0,\"lft\":4,\"rgt\":5,\"dead\":\"\",\"hidden\":\"n\",\"structure_url_title\":\"about\",\"template_id\":10,\"updated\":null},{\"site_id\":1,\"entry_id\":16,\"parent_id\":0,\"channel_id\":7,\"listing_cid\":10,\"lft\":6,\"rgt\":7,\"dead\":\"\",\"hidden\":\"n\",\"structure_url_title\":\"classes\",\"template_id\":25,\"updated\":null}]', 'Post saving entry  \"Taekwondo\"', '6.0.0', '2024-07-07 20:07:37', 0, NULL),
	(11, 1, 'YToxOntpOjE7YTozOntzOjM6InVybCI7czoxMToie2Jhc2VfdXJsfS8iO3M6NDoidXJpcyI7YTo0OntpOjEzO3M6NToiL2hvbWUiO2k6MTQ7czo2OiIvYWJvdXQiO2k6MTY7czo4OiIvY2xhc3NlcyI7aToxODtzOjE4OiIvY2xhc3Nlcy90YWVrd29uZG8iO31zOjk6InRlbXBsYXRlcyI7YTo0OntpOjEzO2k6OTtpOjE0O2k6MTA7aToxNjtpOjI1O2k6MTg7aTozODt9fX0=', '[{\"site_id\":1,\"entry_id\":13,\"parent_id\":0,\"channel_id\":4,\"listing_cid\":0,\"lft\":2,\"rgt\":3,\"dead\":\"\",\"hidden\":\"n\",\"structure_url_title\":\"home\",\"template_id\":9,\"updated\":null},{\"site_id\":1,\"entry_id\":14,\"parent_id\":0,\"channel_id\":5,\"listing_cid\":0,\"lft\":4,\"rgt\":5,\"dead\":\"\",\"hidden\":\"n\",\"structure_url_title\":\"about\",\"template_id\":10,\"updated\":null},{\"site_id\":1,\"entry_id\":16,\"parent_id\":0,\"channel_id\":7,\"listing_cid\":10,\"lft\":6,\"rgt\":7,\"dead\":\"\",\"hidden\":\"n\",\"structure_url_title\":\"classes\",\"template_id\":25,\"updated\":null}]', 'Post saving entry  \"Taekwondo\"', '6.0.0', '2024-07-08 00:51:18', 0, NULL),
	(12, 1, 'YToxOntpOjE7YTozOntzOjM6InVybCI7czoxMToie2Jhc2VfdXJsfS8iO3M6NDoidXJpcyI7YTo0OntpOjEzO3M6NToiL2hvbWUiO2k6MTQ7czo2OiIvYWJvdXQiO2k6MTY7czo4OiIvY2xhc3NlcyI7aToxODtzOjE4OiIvY2xhc3Nlcy90YWVrd29uZG8iO31zOjk6InRlbXBsYXRlcyI7YTo0OntpOjEzO2k6OTtpOjE0O2k6MTA7aToxNjtpOjI1O2k6MTg7aTozODt9fX0=', '[{\"site_id\":1,\"entry_id\":13,\"parent_id\":0,\"channel_id\":4,\"listing_cid\":0,\"lft\":2,\"rgt\":3,\"dead\":\"\",\"hidden\":\"n\",\"structure_url_title\":\"home\",\"template_id\":9,\"updated\":null},{\"site_id\":1,\"entry_id\":14,\"parent_id\":0,\"channel_id\":5,\"listing_cid\":0,\"lft\":4,\"rgt\":5,\"dead\":\"\",\"hidden\":\"n\",\"structure_url_title\":\"about\",\"template_id\":10,\"updated\":null},{\"site_id\":1,\"entry_id\":16,\"parent_id\":0,\"channel_id\":7,\"listing_cid\":10,\"lft\":6,\"rgt\":7,\"dead\":\"\",\"hidden\":\"n\",\"structure_url_title\":\"classes\",\"template_id\":25,\"updated\":null}]', 'Post saving entry  \"Taekwondo\"', '6.0.0', '2024-07-08 00:51:54', 0, NULL),
	(13, 1, 'YToxOntpOjE7YTozOntzOjM6InVybCI7czoxMToie2Jhc2VfdXJsfS8iO3M6NDoidXJpcyI7YTo0OntpOjEzO3M6NToiL2hvbWUiO2k6MTQ7czo2OiIvYWJvdXQiO2k6MTY7czo4OiIvY2xhc3NlcyI7aToxODtzOjE4OiIvY2xhc3Nlcy90YWVrd29uZG8iO31zOjk6InRlbXBsYXRlcyI7YTo0OntpOjEzO2k6OTtpOjE0O2k6MTA7aToxNjtpOjI1O2k6MTg7aTozODt9fX0=', '[{\"site_id\":1,\"entry_id\":13,\"parent_id\":0,\"channel_id\":4,\"listing_cid\":0,\"lft\":2,\"rgt\":3,\"dead\":\"\",\"hidden\":\"n\",\"structure_url_title\":\"home\",\"template_id\":9,\"updated\":null},{\"site_id\":1,\"entry_id\":14,\"parent_id\":0,\"channel_id\":5,\"listing_cid\":0,\"lft\":4,\"rgt\":5,\"dead\":\"\",\"hidden\":\"n\",\"structure_url_title\":\"about\",\"template_id\":10,\"updated\":null},{\"site_id\":1,\"entry_id\":16,\"parent_id\":0,\"channel_id\":7,\"listing_cid\":10,\"lft\":6,\"rgt\":7,\"dead\":\"\",\"hidden\":\"n\",\"structure_url_title\":\"classes\",\"template_id\":25,\"updated\":null}]', 'Post saving entry  \"Taekwondo\"', '6.0.0', '2024-07-10 13:12:21', 0, NULL),
	(14, 1, 'YToxOntpOjE7YTozOntzOjM6InVybCI7czoxMToie2Jhc2VfdXJsfS8iO3M6NDoidXJpcyI7YTo0OntpOjEzO3M6NToiL2hvbWUiO2k6MTQ7czo2OiIvYWJvdXQiO2k6MTY7czo4OiIvY2xhc3NlcyI7aToxODtzOjE4OiIvY2xhc3Nlcy90YWVrd29uZG8iO31zOjk6InRlbXBsYXRlcyI7YTo0OntpOjEzO2k6OTtpOjE0O2k6MTA7aToxNjtpOjI1O2k6MTg7aTozODt9fX0=', '[{\"site_id\":1,\"entry_id\":13,\"parent_id\":0,\"channel_id\":4,\"listing_cid\":0,\"lft\":2,\"rgt\":3,\"dead\":\"\",\"hidden\":\"n\",\"structure_url_title\":\"home\",\"template_id\":9,\"updated\":null},{\"site_id\":1,\"entry_id\":14,\"parent_id\":0,\"channel_id\":5,\"listing_cid\":0,\"lft\":4,\"rgt\":5,\"dead\":\"\",\"hidden\":\"n\",\"structure_url_title\":\"about\",\"template_id\":10,\"updated\":null},{\"site_id\":1,\"entry_id\":16,\"parent_id\":0,\"channel_id\":7,\"listing_cid\":10,\"lft\":6,\"rgt\":7,\"dead\":\"\",\"hidden\":\"n\",\"structure_url_title\":\"classes\",\"template_id\":25,\"updated\":null}]', 'Post saving entry  \"Taekwondo\"', '6.0.0', '2024-07-12 01:53:55', 0, NULL),
	(15, 1, 'YToxOntpOjE7YTozOntzOjM6InVybCI7czoxMToie2Jhc2VfdXJsfS8iO3M6NDoidXJpcyI7YTo1OntpOjEzO3M6NjoiL2hvbWUvIjtpOjE0O3M6NzoiL2Fib3V0LyI7aToxNjtzOjk6Ii9jbGFzc2VzLyI7aToxODtzOjE5OiIvY2xhc3Nlcy90YWVrd29uZG8vIjtpOjE1O3M6MTM6Ii9hYm91dC9wcm9vZi8iO31zOjk6InRlbXBsYXRlcyI7YTo1OntpOjEzO2k6OTtpOjE0O2k6MTA7aToxNjtpOjI1O2k6MTg7aTozODtpOjE1O2k6MzU7fX19', '[{\"site_id\":1,\"entry_id\":13,\"parent_id\":0,\"channel_id\":4,\"listing_cid\":0,\"lft\":2,\"rgt\":3,\"dead\":\"\",\"hidden\":\"n\",\"structure_url_title\":\"home\",\"template_id\":9,\"updated\":null},{\"site_id\":1,\"entry_id\":14,\"parent_id\":0,\"channel_id\":5,\"listing_cid\":6,\"lft\":4,\"rgt\":5,\"dead\":\"\",\"hidden\":\"n\",\"structure_url_title\":\"about\",\"template_id\":10,\"updated\":null},{\"site_id\":1,\"entry_id\":16,\"parent_id\":0,\"channel_id\":7,\"listing_cid\":10,\"lft\":6,\"rgt\":7,\"dead\":\"\",\"hidden\":\"n\",\"structure_url_title\":\"classes\",\"template_id\":25,\"updated\":null}]', 'Post saving entry  \"About\"', '6.0.0', '2024-07-12 19:03:13', 1, NULL);

INSERT INTO `expmc_structure_settings` (`id`, `site_id`, `var`, `var_value`) VALUES 
	(1, 0, 'action_ajax_move', '40'),
	(2, 0, 'module_id', '14'),
	(3, 1, 'show_picker', 'y'),
	(4, 1, 'show_view_page', 'y'),
	(5, 1, 'show_global_add_page', 'y'),
	(6, 1, 'hide_hidden_templates', 'y'),
	(7, 1, 'redirect_on_login', 'n'),
	(8, 1, 'redirect_on_publish', 'n'),
	(9, 1, 'add_trailing_slash', 'y');

INSERT INTO `expmc_template_groups` (`group_id`, `site_id`, `group_name`, `group_order`, `is_site_default`) VALUES 
	(3, 1, 'home', 1, 'y'),
	(4, 1, 'about', 2, 'n'),
	(6, 1, 'layouts', 3, 'n'),
	(8, 1, 'news', 4, 'n'),
	(9, 1, 'classes', 5, 'n'),
	(10, 1, 'styles', 6, 'n'),
	(11, 1, 'scripts', 7, 'n');

INSERT INTO `expmc_templates` (`template_id`, `site_id`, `group_id`, `template_name`, `template_type`, `template_engine`, `template_data`, `template_notes`, `edit_date`, `last_author_id`, `cache`, `refresh`, `no_auth_bounce`, `enable_http_auth`, `allow_php`, `php_parse_location`, `hits`, `protect_javascript`, `enable_frontedit`) VALUES 
	(9, 1, 3, 'index', 'webpage', NULL, '{layout=\"layouts/_wrapper\"}\n{exp:channel:entries channel=\"Home\" limit=\"1\"}\n<div class=\"call-to-action\">\n<div class=\"goals\"><h1>Reach Your Goals With No Limits!</h1></div>\n{homepage_logo}\n<div class=\"homepage_logo\">\n{homepage_logo:file wrap=\"image\"}\n</div>\n{/homepage_logo}\n<div class=\"button-div\"><button popovertarget=\"registration\">Join Us!</button></div>\n</div>\n{sign_up}\n{/exp:channel:entries}', '', 1720421148, 1, 'y', 90, '', 'n', 'n', 'o', 0, 'n', 'y'),
	(10, 1, 4, 'index', 'webpage', NULL, '{layout=\"layouts/_wrapper\"}\n{exp:channel:entries channel=\"about\" limit=\"1\"}\n\n<div class=\"about\">\n	<h1>We Are No Limits!</h1>\n	<p class=\"about-text\">{page_content}</p>\n	<h1>Meet Our Team</h1>\n	<section class=\"staff-card-container\">\n		{embed=\"about/staff_card\" dynamic=\"no\"}\n	</section>\n</div>\n\n{/exp:channel:entries}', '', 1720378913, 1, 'n', 0, '', 'n', 'n', 'o', 0, 'n', 'y'),
	(21, 1, 6, 'index', 'webpage', NULL, '', NULL, 1720377430, 1, 'n', 0, '', 'n', 'n', 'o', 0, 'n', 'y'),
	(23, 1, 6, '_wrapper', 'webpage', NULL, '<!DOCTYPE html>\n	<html lang=\"en\">\n		<head>\n			<meta charset=\"UTF-8\">\n			<meta name=\"viewport\" content=\"width=device-width, initial-scale=1.0\"/>\n			<title>No Limits Martial Arts and Fitness</title>\n			<link rel=\"stylesheet\" href=\"{stylesheet=\"styles/global\"}\">\n			<link rel=\"stylesheet\" href=\"{stylesheet=\"styles/nav\"}\"/>\n			<link rel=\"stylesheet\" href=\"{stylesheet=\"styles/footer\"}\"/>\n			<link rel=\"stylesheet\" href=\"{stylesheet=\"styles/homepage\"}\"/>\n		\n			<link rel=\"stylesheet\" href=\"{stylesheet=\"styles/sign_up\"}\"/>\n			<link rel=\"stylesheet\" href=\"{stylesheet=\"styles/classes\"}\"/>\n			<link rel=\"stylesheet\" href=\"{stylesheet=\"styles/staff_card\"}\"/>\n			<script src=\"js/vanilla_tilt.js\"></script>\n			<script src=\"https://kit.fontawesome.com/d662f2adf5.js\" crossorigin=\"anonymous\"></script>\n		</head>\n		<body>\n			{sign_in}\n			{nav}\n			\n				{layout:contents}\n			\n				{footer}\n		</body>\n	</html>', '', 1720826859, 1, 'n', 0, '', 'n', 'n', 'o', 0, 'n', 'y'),
	(24, 1, 8, 'index', 'webpage', NULL, '', NULL, 1720377430, 1, 'n', 0, '', 'n', 'n', 'o', 0, 'n', 'y'),
	(25, 1, 9, 'index', 'webpage', NULL, '{layout=\"layouts/_wrapper\"}\n<div class=\"classes-main\">\n<h1>Classess With No Limits</h1>\n<p>{page_content}</p>\n\n{exp:channel:entries channel=\"class_details\" dynamic=\"no\"}\n{class_info}\n  <div class=\"card__box\">\n    <div class=\"card\">\n      <div class=\"card__img\">\n       	{class_info:file wrap=\"image\"}\n      </div>\n      <div class=\"card__content\">\n        <h1 class=\"card__title\"><a href=\"{page_url}\">{class_info:class_name}</a></h1>\n        <p class=\"card__description\">{class_info:description}</p>\n      </div>\n    </div>\n  </div>\n{/class_info}\n{/exp:channel:entries}\n\n</div>\n', '', 1720827925, 1, 'n', 0, '', 'n', 'n', 'o', 0, 'n', 'y'),
	(26, 1, 10, 'index', 'webpage', NULL, '', NULL, 1720377430, 1, 'n', 0, '', 'n', 'n', 'o', 0, 'n', 'y'),
	(27, 1, 10, 'sign_up', 'css', NULL, '.registration-form {\nwidth:25vw;\nmin-height:45vh;\npadding:20px;\nbackground:linear-gradient(45deg, rgba(237, 198, 112, 0.6), rgba(237, 198,112, 0.4));\nbackdrop-filter: blur(4px);\nbox-shadow: 0 0 20px #000;\nborder-top: 2px solid rgba(237, 198, 112, 0.25);\nborder-left: 2px solid rgba(237, 198, 112, 0.2);\n}\n\n.registration-form h4 {\ncolor: var(--color-on-surface-inverse);\nfont-weight:bold;\nfont-size:25px;\n}\n\n.registration-form p {\ncolor: var(--color-on-surface-inverse);\ntext-align: justify;\nfont-size: 15px;\nborder: 2px solid rgba(237, 198, 112, 0.02);\n}\n\n.registration-btn {\ndisplay: inline-block;\nwidth: 5em;\nheight:2em;\nfont-size: 22px; \nborder-radius:15px;\nborder: none;\nmargin-right: 10px;\nmargin-top:10px;\ncolor: var(--color-on-surface-inverse);\ntransition: 0.4s all;\ncursor: pointer;\nbackground: rgba( 255, 255, 0, 0.2);\n	box-shadow: 0 4px 30px 0 rgba( 31, 38, 135, 0.425 );\n	backdrop-filter: blur( 3.1px );\n	-webkit-backdrop-filter: blur( 5px );\n	border-radius: 10px;\n	border: 1px solid rgba( 255, 255, 0, 1 );\n}', NULL, 1720377430, 1, 'n', 0, '', 'n', 'n', 'o', 0, 'n', 'y'),
	(28, 1, 10, 'global', 'css', NULL, '/* http://meyerweb.com/eric/tools/css/reset/ \n   v2.0 | 20110126\n   License: none (public domain)\n*/\n@import url(\'https://fonts.googleapis.com/css2?family=Protest+Revolution&display=swap\');\n\n\n.protest-revolution-regular {\n  font-family: \"Protest_Revolution\", sans-serif;\n  font-weight: 400;\n  font-style: normal;\n}\nh1, h2, h3, h4, h5, h6{\nfont-family:\"Protest Revolution\";\n}\np {\nfont-size:18pt;\n}\nhtml{\nheight:100vh;\n}\nbody{\ndisplay:flex;\nflex-direction:column;\n  height:100%;\n  width: 100%;\n  background: #ff0000;\n  background: linear-gradient(\n    to top,\n    #ff0000,#fdcf58,#fdcf58\n  ) center center fixed;\n  \n  background-repeat:no-repeat;\n  background-size:cover;\n}\n\n:root {\n    --nlmaaf-display-small: Roboto;\n\n    /* font sizes */\n    --nlmaaf-display-small-size: 2.25rem;\n    --m3-label-large-size: 0.875rem;\n    --m3-body-small-size: 0.75rem;\n    --gap-xl: 1.25rem;\n    --gap-2xs-3: 0.643rem;\n  \n    /* Paddings */\n    --padding-xl: 1.25rem;\n    --padding-2xs: 0.687rem;\n    --padding-smi-5: 0.781rem;\n  \n    /* Effects */\n    --m3-elevation-light-1: 0px 1px 2px rgba(0, 0, 0, 0.3),\n      0px 1px 3px 1px rgba(0, 0, 0, 0.15);\n  \n    --transition: 250ms ease-out;\n\n    /* Colors */\n --color-primary: rgb(237 198 112);\n  --color-surface-tint: rgb(233 193 108);\n  --color-on-primary: rgb(31 21 0);\n  --color-primary-container: rgb(175 140 61);\n  --color-on-primary-container: rgb(0 0 0);\n  --color-secondary: rgb(133 216 226);\n  --color-on-secondary: rgb(0 26 29);\n  --color-secondary-container: rgb(72 157 167);\n  --color-on-secondary-container: rgb(0 0 0);\n  --color-tertiary: rgb(190 200 255);\n  --color-on-tertiary: rgb(2 16 70);\n  --color-tertiary-container: rgb(130 141 200);\n  --color-on-tertiary-container: rgb(0 0 0);\n  --color-error: rgb(255 187 168);\n  --color-on-error: rgb(50 7 0);\n  --color-error-container: rgb(203 124 102);\n  --color-on-error-container: rgb(0 0 0);\n  --color-background: rgb(23 19 11);\n  --color-on-background: rgb(235 225 212);\n  --color-surface: rgb(19 20 12);\n  --color-on-surface: rgb(253 251 238);\n  --color-surface-variant: rgb(77 70 57);\n  --color-on-surface-variant: rgb(213 201 184);\n  --color-outline: rgb(172 162 145);\n  --color-outline-variant: rgb(139 130 115);\n  --color-shadow: rgb(0 0 0);\n  --color-scrim: rgb(0 0 0);\n  --color-inverse-surface: rgb(229 227 214);\n  --color-inverse-on-surface: rgb(42 43 34);\n  --color-inverse-primary: rgb(93 68 0);\n  --color-primary-fixed: rgb(255 223 157);\n  --color-on-primary-fixed: rgb(25 16 0);\n  --color-primary-fixed-dim: rgb(233 193 108);\n  --color-on-primary-fixed-variant: rgb(71 51 0);\n  --color-secondary-fixed: rgb(157 240 251);\n  --color-on-secondary-fixed: rgb(0 20 23);\n  --color-secondary-fixed-dim: rgb(129 211 222);\n  --color-on-secondary-fixed-variant: rgb(0 61 66);\n  --color-tertiary-fixed: rgb(221 225 255);\n  --color-on-tertiary-fixed: rgb(0 10 61);\n  --color-tertiary-fixed-dim: rgb(185 195 255);\n  --color-on-tertiary-fixed-variant: rgb(39 50 103);\n  --color-surface-dim: rgb(19 20 12);\n  --color-surface-bright: rgb(58 58 49);\n  --color-surface-container-lowest: rgb(14 15 8);\n  --color-surface-container-low: rgb(28 28 20);\n  --color-surface-container: rgb(32 32 24);\n  --color-surface-container-high: rgb(42 42 34);\n  --color-surface-container-highest: rgb(53 53 45);\n  \n  }\n\n  @media screen and (max-width: 1024px) {\n    img.b {\n      left: 50%;\n      margin-left: -512px;\n      \n    }\n  }\n', '', 1720826023, 1, 'n', 0, '', 'n', 'n', 'o', 0, 'n', 'y'),
	(29, 1, 10, 'nav', 'css', NULL, 'nav {\n	display:flex;\n	flex-wrap:wrap;\n	justify-content:space-between;\n	align-content:space-between;\n	font-family:\"Protest Revolution\";\n	font-size: 1.5em;\n	 background:linear-gradient(45deg, rgba(237, 198, 112, 0.6), rgba(237, 198,112, 0.4));\nbackdrop-filter: blur(4px);\nbox-shadow: 0 0 20px #000;\n    border-radius: 15px;\n    border: 2px solid rgba(93, 68, 0, 0.5);\n		/*background: rgba( 255, 255, 0, 0.2);*/\n	color: var(--color-on-secondary-container);\n	margin:0;\n	\n}\n\n#nav-sub {\n	display:flex;\n	padding: 15px 30px;\n	color:var(--color-on-primary);\n	text-align: center;\n	border-radius: 20px;\n	text-decoration: none;\n	margin:0;\n	align-self:baseline;\n	transition: background 0.2s ease-out;\n	justify-self:start;\n	li {\n		list-style:none;\n	}\n	\n}\n\n.nav-logo{\nmargin:0;\nbox-sizing:border-box;\npadding-left:1em;\njustify-self:start;\nfont-size:larger;\n}\n\n.nav-signin{\npadding: 15px 30px;\njustify-self:end;\nalign-self:baseline;\n}\n\nnav a{\n	\n	padding: 15px 30px;\n	color: var(--color-on-primary);\n	border-radius: 20px;\n	text-decoration: none;\n	transition: background 0.2s ease-out;\n\n}\n\nnav a:hover{\n	background:rgba(255, 0, 0, 0.5);;\n	color:var(--color-primary);\n}\n\n', '', 1720421376, 1, 'n', 0, '', 'n', 'n', 'o', 0, 'n', 'y'),
	(30, 1, 10, 'staff_card', 'css', NULL, '.about {\n	\n	display:flex;\n    width:100%;\n    flex-wrap:wrap;\n    flex-direction:column;\n    color:var(--color-on-primary);\n    align-items:start;\n    justify-content:center;\n    height:min-content;\n\n}\n\n.staff-card {\n  width: 250px;\n  height: auto;\n  padding: 20px;\n  background: linear-gradient(\n    45deg,\n    rgba(255, 255, 255, 0.1),\n    rgba(255, 255, 255, 0.2)\n  );\n  backdrop-filter: blur(4px);\n  box-shadow: 0 0 20px #000;\n  border-top: 2px solid rgba(255, 255, 255, 0.25);\n  border-left: 2px solid rgba(255, 255, 255, 0.2);\n}\n\n.staff-card img {\n  width: 150px;\n  border-radius: 50%;\n  border: 2px solid #fff;\n}\n\n.staff-card h2 {\n  color: #fff;\n  font-weight: normal;\n  font-size: 25px;\n}\n\n.staff-card p {\n  color: var(--color-on-primary);\n  text-align: justify;\n  font-size: 15px;\n}\n\n.staff-card button {\n  display: inline-block;\n  width: 50px;\n  height: 50px;\n  font-size: 22px;\n  border-radius: 50%;\n  border: none;\n  margin-right: 10px;\n  color: #fff;\n  transition: 0.4s all;\n  cursor: pointer;\n}\n\n.about-story{\nmargin:15px;\npadding:20px;\n}\n\n.about-title{\nmargin:0;\npadding:015px\n}', NULL, 1720377430, 1, 'n', 0, '', 'n', 'n', 'o', 0, 'n', 'y'),
	(31, 1, 10, 'homepage', 'css', NULL, '.homepage_logo {\ndisplay:block;\nmargin-top:-20px;\nmargin-bottom:5px;\noverflow:visible;\nmargin-inline: auto;\nobject-fit:cover;\n animation: logoentrance 2s ease-in-out 1 normal forwards;\njustify-self:center;\n}\n\n\n\n\n\n.call-to-action{\nheight:85vh;\nwidth:100%;\nposition:relative;\nbox-sizing:border-box;\npadding:0;\nfont-family:\"Protest Revolution\";\ndisplay:grid;\ngrid-template-columns:1fr;\ngrid-template-rows: .10fr .75fr .15fr;\ngrid-auto-flow: column;\njustify-items: center;\n\nh1 {\n	text-align:center;\n	width:100%;\n	padding:0;\n	font-size: 4em;\n	font-weight:bolder;\n	color:var(--color-on-secondary);\n}\n}\n\n\n\n.goals{\nwidth:100%;\nmargin:0 auto;\npadding:0;\n\n}\n\n\n.button-div{\nheight:min-content;\nmargin-inline:auto;\n\n}\n\nbutton {\n	transition: transform 0.3s ease;\n	background: rgba( 255, 255, 0, 0.2);\n	box-shadow: 0 4px 30px 0 rgba( 31, 38, 135, 0.425 );\n	backdrop-filter: blur( 3.1px );\n	-webkit-backdrop-filter: blur( 5px );\n	border-radius: 10px;\n	border: 1px solid rgba( 255, 255, 0, 1 );\n	height:75%;						\n	padding: 16px 40px;\n	padding-bottom:5px;\n	font-size: 56px;	\n	cursor: pointer;\n	font-family: \"Protest Revolution\";\n\n	\n}\nbutton:hover {\n	background: rgba( 175, 140, 61, 0.4 );\n	box-shadow: 0 8px 32px 0 rgba( 31, 38, 135, 0.7 );\n	backdrop-filter: blur( 4px );\n	transform: scale(1.2);\n}\n\n@keyframes logoentrance {\n	0% {\n		opacity: 0;\n		transform: rotate(-540deg) scale(0);\n		transform-origin: 50% 0;\n	}\n\n	100% {\n		opacity: 1;\n		transform: rotate(0) scale(1);\n		transform-origin: 50% 0;\n	}\n}\n', NULL, 1720377430, 1, 'n', 0, '', 'n', 'n', 'o', 0, 'n', 'y'),
	(32, 1, 10, 'footer', 'css', NULL, '/* Glassmorphic Footer Styles */\n.glassmorphic-footer {\n   background:linear-gradient(45deg, rgba(237, 198, 112, 0.6), rgba(237, 198,112, 0.4));\nbackdrop-filter: blur(4px);\nbox-shadow: 0 0 20px #000;\n    border-radius: 15px;\n    border: 2px solid rgba(93, 68, 0, 0.5);\n    color: #F2F1DC; /* Neutral color */\n    width:100vw;\n    font-family:\"Protest Revolution\";\n   margin-top:5em;\n   \n  \n\n  \n}\n\n\n.footer-contnt{\nwidth:100vw;\ndisplay:grid;\ngrid-template-columns:repeat(3, 1fr);\ngrid-template-rows:auto;\ngrid-auto-flow:column;\ngap:5px;\nmargin-left:20px;\n}\n\n.footer-section.first-section{\ngrid-column-start:1;\ngrid-column-end:2;\ndisplay:flex;\nheight:min-content;\nalign-items:start;\nflex-direction:column;\nwidth: 100%;\n}\n\n.footer-section.second-section{\ndisplay:flex;\nflex-direction:column;\ngrid-column-start:2;\ngrid-column-end:3;\nwidth:100%;\n\n\n}\n\n.footer-section.third-section{\ndisplay:flex;\ngrid-column-start:3;\ngrid-column-end: 4;\nwidth:100%;\n}\n\n.footer-section {\np{\n	font-size:1em;\n}\n}\n\n.footer-section > h3 {\n    color: var(--color-on-primary); /* Primary color */\n    font-size: 1.5em;\n    box-sizing:border-box;\n    margin:0;\n    padding:0;\n    \n   \n}\n\n.footer-section p,\n.footer-section a {\n    color: var(--color-on-primary-container); /* Neutral color */\n    text-decoration: none;\n    \n}\n\n.footer-section a:hover {\n    color: #499CA6; /* Secondary color */\n}\n\n.social-icons, .footer-copyright, .footer-links {\n    display:block;\n    box-sizing: border-box;\n   \n}\n.footer-section.second-section{\n    h3{\n        margin-bottom:10px;\n    }\n}\n.social icons {\n   \n   padding-top:10px;\n    \n}\n\n.social-icons > a {\n    padding: 5px 10px;\n    border-radius: 5px;\n    background: rgba(54, 55, 64, 0.5); /* Tertiary color with transparency */\n    transition: background 0.3s ease;\n    \n}\n\n.footer-links > a {\n\n    border-radius: 5px;\n    background: rgba(54, 55, 64, 0.5); /* Tertiary color with transparency */\n    transition: background 0.3s ease;\n}\n.social-icons a:hover {\n    background: rgba(73, 156, 166, 0.5); /* Secondary color with transparency */\n}\n\n.footer-links a:hover{\n background: rgba(73, 156, 166, 0.5); /* Secondary color with transparency */\n}\n@media (max-width: 768px) {\n    .footer-content {\n        flex-direction: column;\n        align-items: center;\n    }\n\n    .footer-section {\n        margin: 10px 0;\n    }\n}', '', 1720826066, 1, 'n', 0, '', 'n', 'n', 'o', 0, 'n', 'y'),
	(33, 1, 11, 'index', 'webpage', NULL, '', NULL, 1720377430, 1, 'n', 0, '', 'n', 'n', 'o', 0, 'n', 'y'),
	(35, 1, 4, 'staff_card', 'webpage', NULL, '{exp:channel:entries channel=\"staff_directory\" dynamic=\"no\"}\n{staff_info}\n<div class=\"staff-card\" data-tilt data-tilt-glare data-tilt-max-glare=\"0.8\" data-tilt-scale=\"1.1\">\n    <center>\n      {staff_info:file wrap=\"image\"}\n      <h2>{staff_info:name}</h2>\n      <p>\n       {staff_info:bio}\n      </p>\n    </center>\n</div>\n{/staff_info}\n{/exp:channel:entries}', '', 1720378963, 1, 'n', 0, '', 'n', 'n', 'o', 0, 'n', 'y'),
	(36, 1, 10, 'classes', 'css', NULL, '.classes-main {\n	\n	display:flex;\n    width:100%;\n    flex-wrap:wrap;\n    flex-direction:column;\n    color:var(--color-on-primary);\n    align-items:start;\n    justify-content:center;\n    height:min-content;\n\n}\n.card {\nmax-width:33vw;		\n  display: -webkit-box;\n  display: -ms-flexbox;\n  display: flex;\n  -webkit-box-pack: justify;\n      -ms-flex-pack: justify;\n          justify-content: space-between;\n  flex-direction: row;\n  height: 170px;\n  margin-bottom: 1.5rem;\n    background: linear-gradient(\n    45deg,\n    rgba(255, 255, 255, 0.1),\n    rgba(255, 255, 255, 0.2)\n  );\n  backdrop-filter: blur(4px);\n  box-shadow: 0 0 20px #000;\n  border-top: 2px solid rgba(255, 255, 255, 0.25);\n  border-left: 2px solid rgba(255, 255, 255, 0.2);\n  transition: all 0.25s ease-in;\n}\n.card:hover  {\n  transform: translateY(-5px);\n  -webkit-box-shadow: 0 2px 10px 0 rgba(0, 0, 0, 0.15);\n          box-shadow: 0 2px 10px 0 rgba(0, 0, 0, 0.15);\n}\n@media(max-width: 768px) {\n  .card {\n    flex-direction: column !important;\n    height: min-content;\n  }\n}\n.card__img{\n  flex: 1 30%;\n  -webkit-flex: 1 30%;\n  overflow:hidden;\n  position: relative;\n  margin-right:10px;\n \n \nimg {\n  margin: 0 auto;\n\n  max-inline-size:100%;\n  max-block-size: 100%;\n  transition: all 0.5s ease 0s;\n}\nimg:hover {\n  transform: rotate(.35);\n}\n}\n.card-img-overlay {\n  position: absolute;\n  top: 0;\n  left: 0;\n  padding: 0.5rem;\n}\n.card__content {\n  flex: 1 70%;\n  -webkit-flex: 1 70%;\n  padding: 0.8rem;\n}\n.card__title {\n	\n  margin: 0;\n}\n.card__text \n  margin: 0;\n}\n.card__description {\n	font-size: 0.8rem;\n  margin: 0;\n  margin-top: 0.5rem;\n  color: #888;\n	overflow: hidden;\n  text-overflow: ellipsis;\n  display: -webkit-box;\n  -webkit-box-orient: vertical;\n  -webkit-line-clamp: 4;\n  max-height: 2rem;\n  line-height: 1rem;\n}\n', '', 1720827596, 1, 'n', 0, '', 'n', 'n', 'o', 0, 'n', 'y'),
	(38, 1, 9, 'class_details', 'webpage', NULL, '{layout=\"layouts/_wrapper\"}\n{exp:channel:entries channel=\"class_details\"}\n{class_info}\n<h1><a href=\"{page_url}\">{class_info:class_name}</a></h1>\n<p>{class_info:description}</p>\n<div class=\"class-detail-icon\">{class_info:file wrap=\"image\"}</div>\n{class_docs}\n<div class=\"class-documents\">{class docs:file}</div>\n{/class_info}\n{/exp:channel:entries}', '', 1720825531, 1, 'n', 0, '', 'n', 'n', 'o', 0, 'n', 'y');

INSERT INTO `expmc_templates_roles` (`role_id`, `template_id`) VALUES 
	(2, 9),
	(3, 9),
	(4, 9),
	(5, 9),
	(6, 9),
	(2, 10),
	(3, 10),
	(4, 10),
	(5, 10),
	(6, 10),
	(1, 21),
	(2, 21),
	(3, 21),
	(4, 21),
	(5, 21),
	(6, 21),
	(2, 23),
	(3, 23),
	(4, 23),
	(5, 23),
	(6, 23),
	(1, 24),
	(2, 24),
	(3, 24),
	(4, 24),
	(5, 24),
	(6, 24),
	(2, 25),
	(3, 25),
	(4, 25),
	(5, 25),
	(6, 25),
	(1, 26),
	(2, 26),
	(3, 26),
	(4, 26),
	(5, 26),
	(6, 26),
	(1, 27),
	(2, 27),
	(3, 27),
	(4, 27),
	(5, 27),
	(6, 27),
	(2, 28),
	(3, 28),
	(4, 28),
	(5, 28),
	(6, 28),
	(2, 29),
	(3, 29),
	(4, 29),
	(5, 29),
	(6, 29),
	(1, 30),
	(2, 30),
	(3, 30),
	(4, 30),
	(5, 30),
	(6, 30),
	(1, 31),
	(2, 31),
	(3, 31),
	(4, 31),
	(5, 31),
	(6, 31),
	(2, 32),
	(3, 32),
	(4, 32),
	(5, 32),
	(6, 32),
	(1, 33),
	(2, 33),
	(3, 33),
	(4, 33),
	(5, 33),
	(6, 33),
	(2, 35),
	(3, 35),
	(4, 35),
	(5, 35),
	(6, 35),
	(2, 36),
	(3, 36),
	(4, 36),
	(5, 36),
	(6, 36),
	(2, 38),
	(3, 38),
	(4, 38),
	(5, 38),
	(6, 38);

INSERT INTO `expmc_update_log` (`log_id`, `timestamp`, `message`, `method`, `line`, `file`) VALUES 
	(1, 1720374605, 'Smartforge::add_key failed. Table \'expmc_comments\' does not exist.', 'Smartforge::add_key', 106, '/home/vol15_4/infinityfree.com/if0_36856805/htdocs/system/ee/ExpressionEngine/Addons/comment/upd.comment.php'),
	(2, 1720374605, 'Smartforge::add_key failed. Table \'expmc_dock_prolets\' does not exist.', 'Smartforge::add_key', 210, '/home/vol15_4/infinityfree.com/if0_36856805/htdocs/system/ee/ExpressionEngine/Addons/pro/upd.pro.php');

INSERT INTO `expmc_upload_prefs` (`id`, `site_id`, `name`, `adapter`, `adapter_settings`, `server_path`, `url`, `allowed_types`, `allow_subfolders`, `subfolders_on_top`, `default_modal_view`, `max_size`, `max_height`, `max_width`, `properties`, `pre_format`, `post_format`, `file_properties`, `file_pre_format`, `file_post_format`, `cat_group`, `batch_location`, `module_id`) VALUES 
	(1, 1, 'Avatars', 'local', NULL, '{base_path}images/avatars/', '{base_url}images/avatars/', 'img', 'n', 'y', 'list', '50', '100', '100', NULL, NULL, NULL, NULL, NULL, NULL, NULL, NULL, 1),
	(2, 1, 'Signature Attachments', 'local', NULL, '{base_path}images/signature_attachments/', '{base_url}images/signature_attachments/', 'img', 'n', 'y', 'list', '30', '80', '480', NULL, NULL, NULL, NULL, NULL, NULL, NULL, NULL, 1),
	(3, 1, 'PM Attachments', 'local', NULL, '{base_path}images/pm_attachments/', '{base_url}images/pm_attachments/', 'img', 'n', 'y', 'list', '250', NULL, NULL, NULL, NULL, NULL, NULL, NULL, NULL, NULL, NULL, 1),
	(7, 1, 'images', 'local', NULL, '{base_path}/uploads/images/', '{base_url}uploads/images/', 'img', 'y', 'n', 'thumb', '', '', '', NULL, NULL, NULL, NULL, NULL, NULL, '', NULL, 0),
	(8, 1, 'documents', 'local', NULL, '{base_path}uploads/documents/', '{base_url}uploads/documents/', 'doc', 'y', 'n', 'list', '', '', '', NULL, NULL, NULL, NULL, NULL, NULL, NULL, NULL, 0);

INSERT INTO `expmc_upload_prefs_roles` (`role_id`, `upload_id`) VALUES 
	(5, 8),
	(6, 8);

SET SQL_MODE=@OLD_SQL_MODE;
SET TIME_ZONE=@OLD_TIME_ZONE;
SET UNIQUE_CHECKS=@OLD_UNIQUE_CHECKS;
SET FOREIGN_KEY_CHECKS=@OLD_FOREIGN_KEY_CHECKS;
SET SQL_NOTES=@OLD_SQL_NOTES;

--
-- Database backup completed by ExpressionEngine on 2024-07-12 07:51:48EDT
--

